﻿<?xml version="1.0" encoding ="utf-8"?>
<!-- Automatically created at 9/15/2022 10:20:00 AM by CreateTreesUGNT - © 2022 Cherith Analytics® -->
<Sentences>
  <Sentence ID="46013001">
    <Trees>
      <Tree>
        <Node Cat="Verse" Id="1" Head="0">
          <Node Cat="CL" Id="2" Rule="ClCl2" Head="1">
            <Node Cat="CL" Id="3" Rule="sub-CL" Head="1">
              <Node Cat="conj" Id="4" morphId="460130010011" Unicode="ἐὰν" Lemma="ἐάν" Lang="G" StrongNumber="G14370" Morph="CS,,,,,,,," Type="Subordinating" English="if">ἐὰν</Node>
              <Node Cat="CL" Id="5" Rule="CLaCL" Head="0">
                <Node Cat="CL" Id="6" Rule="ADV-V" Head="1">
                  <Node Cat="ADV" Id="7" Rule="Np2ADV" Head="0">
                    <Node Cat="np" Id="8" Rule="DetNP" Head="1">
                      <Node Cat="det" Id="9" morphId="460130010021" Unicode="ταῖς" Lemma="ὁ" Lang="G" StrongNumber="G35880" Morph="EA,,,,DFP," Type="Article" Case="Dative" Gender="Feminine" Number="Plural" English="the">ταῖς</Node>
                      <Node Cat="np" Id="10" Rule="NPofNP" Head="0">
                        <Node Cat="np" Id="11" Rule="N2NP" Head="0">
                          <Node Cat="noun" Id="12" morphId="460130010031" Unicode="γλώσσαις" Lemma="γλῶσσα" Lang="G" StrongNumber="G11000" Morph="N,,,,,DFP," Case="Dative" Gender="Feminine" Number="Plural" English="in ~ tongues">γλώσσαις</Node>
                        </Node>
                        <Node Cat="np" Id="13" Rule="NpaNp" Head="0">
                          <Node Cat="np" Id="14" Rule="DetNP" Head="1">
                            <Node Cat="det" Id="15" morphId="460130010041" Unicode="τῶν" Lemma="ὁ" Lang="G" StrongNumber="G35880" Morph="EA,,,,GMP," Type="Article" Case="Genitive" Gender="Masculine" Number="Plural">τῶν</Node>
                            <Node Cat="np" Id="16" Rule="N2NP" Head="0">
                              <Node Cat="noun" Id="17" morphId="460130010051" Unicode="ἀνθρώπων" Lemma="ἄνθρωπος" Lang="G" StrongNumber="G04440" Morph="N,,,,,GMP," Case="Genitive" Gender="Masculine" Number="Plural" English="of men">ἀνθρώπων</Node>
                            </Node>
                          </Node>
                          <Node Cat="conj" Id="18" morphId="460130010071" Unicode="καὶ" Lemma="καί" Lang="G" StrongNumber="G25320" Morph="CC,,,,,,,," Type="Coordinating" English="and">καὶ</Node>
                          <Node Cat="np" Id="19" Rule="DetNP" Head="1">
                            <Node Cat="det" Id="20" morphId="460130010081" Unicode="τῶν" Lemma="ὁ" Lang="G" StrongNumber="G35880" Morph="EA,,,,GMP," Type="Article" Case="Genitive" Gender="Masculine" Number="Plural">τῶν</Node>
                            <Node Cat="np" Id="21" Rule="N2NP" Head="0">
                              <Node Cat="noun" Id="22" morphId="460130010091" Unicode="ἀγγέλων," Lemma="ἄγγελος" Lang="G" StrongNumber="G00320" Morph="N,,,,,GMP," Case="Genitive" Gender="Masculine" Number="Plural" English="of angels">ἀγγέλων,</Node>
                            </Node>
                          </Node>
                        </Node>
                      </Node>
                    </Node>
                  </Node>
                  <Node Cat="V" Id="23" Rule="Vp2V" Head="0">
                    <Node Cat="vp" Id="24" Rule="V2VP" Head="0">
                      <Node Cat="verb" Id="25" morphId="460130010061" Unicode="λαλῶ" Lemma="λαλέω" Lang="G" StrongNumber="G29800" Morph="V,SPA1,,S," Mood="Subjunctive" Tense="Present" Voice="Active" Person="First" Number="Singular" English="I speak">λαλῶ</Node>
                    </Node>
                  </Node>
                </Node>
                <Node Cat="conj" Id="26" morphId="460130010111" Unicode="δὲ" Lemma="δέ" Lang="G" StrongNumber="G11610" Morph="CC,,,,,,,," Type="Coordinating" English="but">δὲ</Node>
                <Node Cat="CL" Id="27" Rule="O-ADV-V" Head="2">
                  <Node Cat="O" Id="28" Rule="Np2O" Head="0">
                    <Node Cat="np" Id="29" Rule="N2NP" Head="0">
                      <Node Cat="noun" Id="30" morphId="460130010101" Unicode="ἀγάπην" Lemma="ἀγάπη" Lang="G" StrongNumber="G00260" Morph="N,,,,,AFS," Case="Accusative" Gender="Feminine" Number="Singular" English="love">ἀγάπην</Node>
                    </Node>
                  </Node>
                  <Node Cat="ADV" Id="31" Rule="Advp2ADV" Head="0">
                    <Node Cat="advp" Id="32" Rule="Adv2Advp" Head="0">
                      <Node Cat="adv" Id="33" morphId="460130010121" Unicode="μὴ" Lemma="μή" Lang="G" StrongNumber="G33610" Morph="D,,,,,,,,," English="not">μὴ</Node>
                    </Node>
                  </Node>
                  <Node Cat="V" Id="34" Rule="Vp2V" Head="0">
                    <Node Cat="vp" Id="35" Rule="V2VP" Head="0">
                      <Node Cat="verb" Id="36" morphId="460130010131" Unicode="ἔχω," Lemma="ἔχω" Lang="G" StrongNumber="G21920" Morph="V,SPA1,,S," Mood="Subjunctive" Tense="Present" Voice="Active" Person="First" Number="Singular" English="do ~ have">ἔχω,</Node>
                    </Node>
                  </Node>
                </Node>
              </Node>
            </Node>
            <Node Cat="CL" Id="37" Rule="VC-P" Head="1">
              <Node Cat="VC" Id="38" Rule="vp2VC" Head="0">
                <Node Cat="vp" Id="39" Rule="V2VP" Head="0">
                  <Node Cat="verb" Id="40" morphId="460130010141" Unicode="γέγονα" Lemma="γίνομαι" Lang="G" StrongNumber="G10960" Morph="V,IEA1,,S," Mood="Indicative" Tense="Perfect" Voice="Active" Person="First" Number="Singular" English="I am">γέγονα</Node>
                </Node>
              </Node>
              <Node Cat="P" Id="41" Rule="Np2P" Head="0">
                <Node Cat="np" Id="42" Rule="NpaNp" Head="0">
                  <Node Cat="np" Id="43" Rule="NpAdjp" Head="0">
                    <Node Cat="np" Id="44" Rule="N2NP" Head="0">
                      <Node Cat="noun" Id="45" morphId="460130010151" Unicode="χαλκὸς" Lemma="χαλκός" Lang="G" StrongNumber="G54750" Morph="N,,,,,NMS," Case="Nominative" Gender="Masculine" Number="Singular" English="a ~ gong">χαλκὸς</Node>
                    </Node>
                    <Node Cat="adjp" Id="46" Rule="CL2Adjp" Head="0">
                      <Node Cat="CL" Id="47" Rule="V2CL" Head="0">
                        <Node Cat="V" Id="48" Rule="Vp2V" Head="0">
                          <Node Cat="vp" Id="49" Rule="V2VP" Head="0">
                            <Node Cat="verb" Id="50" morphId="460130010161" Unicode="ἠχῶν" Lemma="ἠχέω" Lang="G" StrongNumber="G22780" Morph="V,PPA,NMS," Mood="Participle" Tense="Present" Voice="Active" Case="Nominative" Gender="Masculine" Number="Singular" English="noisy">ἠχῶν</Node>
                          </Node>
                        </Node>
                      </Node>
                    </Node>
                  </Node>
                  <Node Cat="conj" Id="51" morphId="460130010171" Unicode="ἢ" Lemma="ἤ" Lang="G" StrongNumber="G22280" Morph="CC,,,,,,,," Type="Coordinating" English="or">ἢ</Node>
                  <Node Cat="np" Id="52" Rule="NpAdjp" Head="0">
                    <Node Cat="np" Id="53" Rule="N2NP" Head="0">
                      <Node Cat="noun" Id="54" morphId="460130010181" Unicode="κύμβαλον" Lemma="κύμβαλον" Lang="G" StrongNumber="G29500" Morph="N,,,,,NNS," Case="Nominative" Gender="Neuter" Number="Singular" English="a ~ cymbal">κύμβαλον</Node>
                    </Node>
                    <Node Cat="adjp" Id="55" Rule="CL2Adjp" Head="0">
                      <Node Cat="CL" Id="56" Rule="V2CL" Head="0">
                        <Node Cat="V" Id="57" Rule="Vp2V" Head="0">
                          <Node Cat="vp" Id="58" Rule="V2VP" Head="0">
                            <Node Cat="verb" Id="59" morphId="460130010191" Unicode="ἀλαλάζον." Lemma="ἀλαλάζω" Lang="G" StrongNumber="G02140" Morph="V,PPA,NNS," Mood="Participle" Tense="Present" Voice="Active" Case="Nominative" Gender="Neuter" Number="Singular" English="clanging">ἀλαλάζον.</Node>
                          </Node>
                        </Node>
                      </Node>
                    </Node>
                  </Node>
                </Node>
              </Node>
            </Node>
          </Node>
        </Node>
      </Tree>
    </Trees>
  </Sentence>
  <Sentence ID="46013002">
    <Trees>
      <Tree>
        <Node Cat="Verse" Id="1" Head="0">
          <Node Cat="CL" Id="2" Rule="Conj-CL" Head="1">
            <Node Cat="conj" Id="3" morphId="460130020011" Unicode="καὶ" Lemma="καί" Lang="G" StrongNumber="G25320" Morph="CC,,,,,,,," Type="Coordinating" English="and">καὶ</Node>
            <Node Cat="CL" Id="4" Rule="ClCl2" Head="1">
              <Node Cat="CL" Id="5" Rule="CLaCL" Head="0">
                <Node Cat="CL" Id="6" Rule="CLaCL" Head="0">
                  <Node Cat="CL" Id="7" Rule="sub-CL" Head="1">
                    <Node Cat="conj" Id="8" morphId="460130020021" Unicode="ἐὰν" Lemma="ἐάν" Lang="G" StrongNumber="G14370" Morph="CS,,,,,,,," Type="Subordinating" English="if">ἐὰν</Node>
                    <Node Cat="CL" Id="9" Rule="CLaCL" Head="0">
                      <Node Cat="CL" Id="10" Rule="V-O" Head="0">
                        <Node Cat="V" Id="11" Rule="Vp2V" Head="0">
                          <Node Cat="vp" Id="12" Rule="V2VP" Head="0">
                            <Node Cat="verb" Id="13" morphId="460130020031" Unicode="ἔχω" Lemma="ἔχω" Lang="G" StrongNumber="G21920" Morph="V,SPA1,,S," Mood="Subjunctive" Tense="Present" Voice="Active" Person="First" Number="Singular" English="I have">ἔχω</Node>
                          </Node>
                        </Node>
                        <Node Cat="O" Id="14" Rule="Np2O" Head="0">
                          <Node Cat="np" Id="15" Rule="N2NP" Head="0">
                            <Node Cat="noun" Id="16" morphId="460130020041" Unicode="προφητείαν," Lemma="προφητεία" Lang="G" StrongNumber="G43940" Morph="N,,,,,AFS," Case="Accusative" Gender="Feminine" Number="Singular" English="prophecy">προφητείαν,</Node>
                          </Node>
                        </Node>
                      </Node>
                      <Node Cat="conj" Id="17" morphId="460130020051" Unicode="καὶ" Lemma="καί" Lang="G" StrongNumber="G25320" Morph="CC,,,,,,,," Type="Coordinating" English="and">καὶ</Node>
                      <Node Cat="CL" Id="18" Rule="V-O" Head="0">
                        <Node Cat="V" Id="19" Rule="Vp2V" Head="0">
                          <Node Cat="vp" Id="20" Rule="V2VP" Head="0">
                            <Node Cat="verb" Id="21" morphId="460130020061" Unicode="εἰδῶ" Lemma="εἴδω" Lang="G" StrongNumber="G14920" Morph="V,SEA1,,S," Mood="Subjunctive" Tense="Perfect" Voice="Active" Person="First" Number="Singular" English="understand">εἰδῶ</Node>
                          </Node>
                        </Node>
                        <Node Cat="O" Id="22" Rule="Np2O" Head="0">
                          <Node Cat="np" Id="23" Rule="NpaNp" Head="0">
                            <Node Cat="np" Id="24" Rule="NP-all" Head="0">
                              <Node Cat="np" Id="25" Rule="DetNP" Head="1">
                                <Node Cat="det" Id="26" morphId="460130020071" Unicode="τὰ" Lemma="ὁ" Lang="G" StrongNumber="G35880" Morph="EA,,,,ANP," Type="Article" Case="Accusative" Gender="Neuter" Number="Plural" English="the">τὰ</Node>
                                <Node Cat="np" Id="27" Rule="N2NP" Head="0">
                                  <Node Cat="noun" Id="28" morphId="460130020081" Unicode="μυστήρια" Lemma="μυστήριον" Lang="G" StrongNumber="G34660" Morph="N,,,,,ANP," Case="Accusative" Gender="Neuter" Number="Plural" English="mysteries">μυστήρια</Node>
                                </Node>
                              </Node>
                              <Node Cat="adjp" Id="29" Rule="Adj2Adjp" Head="0">
                                <Node Cat="adj" Id="30" Rule="u_Det2Adj" Head="0">
                                  <Node Cat="det" Id="31" morphId="460130020091" Unicode="πάντα," Lemma="πᾶς" Lang="G" StrongNumber="G39560" Morph="EQ,,,,ANP," Type="Quantifier" Case="Accusative" Gender="Neuter" Number="Plural" English="all">πάντα,</Node>
                                </Node>
                              </Node>
                            </Node>
                            <Node Cat="conj" Id="32" morphId="460130020101" Unicode="καὶ" Lemma="καί" Lang="G" StrongNumber="G25320" Morph="CC,,,,,,,," Type="Coordinating" English="and">καὶ</Node>
                            <Node Cat="np" Id="33" Rule="All-NP" Head="1">
                              <Node Cat="adjp" Id="34" Rule="Adj2Adjp" Head="0">
                                <Node Cat="adj" Id="35" Rule="u_Det2Adj" Head="0">
                                  <Node Cat="det" Id="36" morphId="460130020111" Unicode="πᾶσαν" Lemma="πᾶς" Lang="G" StrongNumber="G39560" Morph="EQ,,,,AFS," Type="Quantifier" Case="Accusative" Gender="Feminine" Number="Singular" English="all">πᾶσαν</Node>
                                </Node>
                              </Node>
                              <Node Cat="np" Id="37" Rule="DetNP" Head="1">
                                <Node Cat="det" Id="38" morphId="460130020121" Unicode="τὴν" Lemma="ὁ" Lang="G" StrongNumber="G35880" Morph="EA,,,,AFS," Type="Article" Case="Accusative" Gender="Feminine" Number="Singular" English="the">τὴν</Node>
                                <Node Cat="np" Id="39" Rule="N2NP" Head="0">
                                  <Node Cat="noun" Id="40" morphId="460130020131" Unicode="γνῶσιν," Lemma="γνῶσις" Lang="G" StrongNumber="G11080" Morph="N,,,,,AFS," Case="Accusative" Gender="Feminine" Number="Singular" English="knowledge">γνῶσιν,</Node>
                                </Node>
                              </Node>
                            </Node>
                          </Node>
                        </Node>
                      </Node>
                    </Node>
                  </Node>
                  <Node Cat="conj" Id="41" morphId="460130020141" Unicode="καὶ" Lemma="καί" Lang="G" StrongNumber="G25320" Morph="CC,,,,,,,," Type="Coordinating" English="and">καὶ</Node>
                  <Node Cat="CL" Id="42" Rule="sub-CL" Head="1">
                    <Node Cat="conj" Id="43" morphId="460130020151" Unicode="ἐὰν" Lemma="ἐάν" Lang="G" StrongNumber="G14370" Morph="CS,,,,,,,," Type="Subordinating" English="if">ἐὰν</Node>
                    <Node Cat="CL" Id="44" Rule="V-O-ADV" Head="0">
                      <Node Cat="V" Id="45" Rule="Vp2V" Head="0">
                        <Node Cat="vp" Id="46" Rule="V2VP" Head="0">
                          <Node Cat="verb" Id="47" morphId="460130020161" Unicode="ἔχω" Lemma="ἔχω" Lang="G" StrongNumber="G21920" Morph="V,SPA1,,S," Mood="Subjunctive" Tense="Present" Voice="Active" Person="First" Number="Singular" English="I have">ἔχω</Node>
                        </Node>
                      </Node>
                      <Node Cat="O" Id="48" Rule="Np2O" Head="0">
                        <Node Cat="np" Id="49" Rule="All-NP" Head="1">
                          <Node Cat="adjp" Id="50" Rule="Adj2Adjp" Head="0">
                            <Node Cat="adj" Id="51" Rule="u_Det2Adj" Head="0">
                              <Node Cat="det" Id="52" morphId="460130020171" Unicode="πᾶσαν" Lemma="πᾶς" Lang="G" StrongNumber="G39560" Morph="EQ,,,,AFS," Type="Quantifier" Case="Accusative" Gender="Feminine" Number="Singular" English="all">πᾶσαν</Node>
                            </Node>
                          </Node>
                          <Node Cat="np" Id="53" Rule="DetNP" Head="1">
                            <Node Cat="det" Id="54" morphId="460130020181" Unicode="τὴν" Lemma="ὁ" Lang="G" StrongNumber="G35880" Morph="EA,,,,AFS," Type="Article" Case="Accusative" Gender="Feminine" Number="Singular" English="the">τὴν</Node>
                            <Node Cat="np" Id="55" Rule="N2NP" Head="0">
                              <Node Cat="noun" Id="56" morphId="460130020191" Unicode="πίστιν," Lemma="πίστις" Lang="G" StrongNumber="G41020" Morph="N,,,,,AFS," Case="Accusative" Gender="Feminine" Number="Singular" English="faith">πίστιν,</Node>
                            </Node>
                          </Node>
                        </Node>
                      </Node>
                      <Node Cat="ADV" Id="57" Rule="CL2ADV" Head="0">
                        <Node Cat="CL" Id="58" Rule="sub-CL" Head="1">
                          <Node Cat="conj" Id="59" morphId="460130020201" Unicode="ὥστε" Lemma="ὥστε" Lang="G" StrongNumber="G56200" Morph="CS,,,,,,,," Type="Subordinating" English="so that">ὥστε</Node>
                          <Node Cat="CL" Id="60" Rule="O-V" Head="1">
                            <Node Cat="O" Id="61" Rule="Np2O" Head="0">
                              <Node Cat="np" Id="62" Rule="N2NP" Head="0">
                                <Node Cat="noun" Id="63" morphId="460130020211" Unicode="ὄρη" Lemma="ὄρος" Lang="G" StrongNumber="G37350" Morph="N,,,,,ANP," Case="Accusative" Gender="Neuter" Number="Plural" English="mountains">ὄρη</Node>
                              </Node>
                            </Node>
                            <Node Cat="V" Id="64" Rule="Vp2V" Head="0">
                              <Node Cat="vp" Id="65" Rule="V2VP" Head="0">
                                <Node Cat="verb" Id="66" morphId="460130020221" Unicode="μεθιστάναι," Lemma="μεθίστημι" Lang="G" StrongNumber="G31790" Morph="V,NPA,,,,," Mood="Infinitive" Tense="Present" Voice="Active" English="remove">μεθιστάναι,</Node>
                              </Node>
                            </Node>
                          </Node>
                        </Node>
                      </Node>
                    </Node>
                  </Node>
                </Node>
                <Node Cat="conj" Id="67" morphId="460130020241" Unicode="δὲ" Lemma="δέ" Lang="G" StrongNumber="G11610" Morph="CC,,,,,,,," Type="Coordinating" English="but">δὲ</Node>
                <Node Cat="CL" Id="68" Rule="O-ADV-V" Head="2">
                  <Node Cat="O" Id="69" Rule="Np2O" Head="0">
                    <Node Cat="np" Id="70" Rule="N2NP" Head="0">
                      <Node Cat="noun" Id="71" morphId="460130020231" Unicode="ἀγάπην" Lemma="ἀγάπη" Lang="G" StrongNumber="G00260" Morph="N,,,,,AFS," Case="Accusative" Gender="Feminine" Number="Singular" English="love">ἀγάπην</Node>
                    </Node>
                  </Node>
                  <Node Cat="ADV" Id="72" Rule="Advp2ADV" Head="0">
                    <Node Cat="advp" Id="73" Rule="Adv2Advp" Head="0">
                      <Node Cat="adv" Id="74" morphId="460130020251" Unicode="μὴ" Lemma="μή" Lang="G" StrongNumber="G33610" Morph="D,,,,,,,,," English="not">μὴ</Node>
                    </Node>
                  </Node>
                  <Node Cat="V" Id="75" Rule="Vp2V" Head="0">
                    <Node Cat="vp" Id="76" Rule="V2VP" Head="0">
                      <Node Cat="verb" Id="77" morphId="460130020261" Unicode="ἔχω," Lemma="ἔχω" Lang="G" StrongNumber="G21920" Morph="V,SPA1,,S," Mood="Subjunctive" Tense="Present" Voice="Active" Person="First" Number="Singular" English="do ~ have">ἔχω,</Node>
                    </Node>
                  </Node>
                </Node>
              </Node>
              <Node Cat="CL" Id="78" Rule="P-VC" Head="0">
                <Node Cat="P" Id="79" Rule="Np2P" Head="0">
                  <Node Cat="np" Id="80" Rule="Pron2NP" Head="0">
                    <Node Cat="pron" Id="81" morphId="460130020271" Unicode="οὐθέν" Lemma="οὐθείς" Lang="G" StrongNumber="G37620" Morph="RI,,,,NNS," Type="Indefinite" Case="Nominative" Gender="Neuter" Number="Singular" English="nothing">οὐθέν</Node>
                  </Node>
                </Node>
                <Node Cat="VC" Id="82" Rule="vp2VC" Head="0">
                  <Node Cat="vp" Id="83" Rule="V2VP" Head="0">
                    <Node Cat="verb" Id="84" morphId="460130020281" Unicode="εἰμι." Lemma="εἰμί" Lang="G" StrongNumber="G15100" Morph="V,IPA1,,S," Mood="Indicative" Tense="Present" Voice="Active" Person="First" Number="Singular" English="I am">εἰμι.</Node>
                  </Node>
                </Node>
              </Node>
            </Node>
          </Node>
        </Node>
      </Tree>
    </Trees>
  </Sentence>
  <Sentence ID="46013003">
    <Trees>
      <Tree>
        <Node Cat="Verse" Id="1" Head="0">
          <Node Cat="CL" Id="2" Rule="ClCl2" Head="1">
            <Node Cat="CL" Id="3" Rule="CLaCL" Head="0">
              <Node Cat="CL" Id="4" Rule="CLaCL" Head="0">
                <Node Cat="CL" Id="5" Rule="sub-CL" Head="1">
                  <Node Cat="conj" Id="6" morphId="460130030011" Unicode="κἂν" Lemma="κἄν" Lang="G" StrongNumber="G25790" Morph="CS,,,,,,,," Type="Subordinating" English="if">κἂν</Node>
                  <Node Cat="CL" Id="7" Rule="V-O" Head="0">
                    <Node Cat="V" Id="8" Rule="Vp2V" Head="0">
                      <Node Cat="vp" Id="9" Rule="V2VP" Head="0">
                        <Node Cat="verb" Id="10" morphId="460130030021" Unicode="ψωμίσω" Lemma="ψωμίζω" Lang="G" StrongNumber="G55950" Morph="V,SAA1,,S," Mood="Subjunctive" Tense="Aorist" Voice="Active" Person="First" Number="Singular" English="I give away">ψωμίσω</Node>
                      </Node>
                    </Node>
                    <Node Cat="O" Id="11" Rule="Np2O" Head="0">
                      <Node Cat="np" Id="12" Rule="Demo-NP" Head="1">
                        <Node Cat="np" Id="13" Rule="Pron2NP" Head="0">
                          <Node Cat="pron" Id="14" morphId="460130030031" Unicode="πάντα" Lemma="πᾶς" Lang="G" StrongNumber="G39560" Morph="RI,,,,ANP," Type="Indefinite" Case="Accusative" Gender="Neuter" Number="Plural" English="all">πάντα</Node>
                        </Node>
                        <Node Cat="np" Id="15" Rule="NPofNP" Head="0">
                          <Node Cat="np" Id="16" Rule="DetCL" Head="1">
                            <Node Cat="det" Id="17" Rule="u_Pron2Det" Head="0">
                              <Node Cat="pron" Id="18" morphId="460130030041" Unicode="τὰ" Lemma="ὁ" Lang="G" StrongNumber="G35880" Morph="RD,,,,ANP," Type="Demonstrative" Case="Accusative" Gender="Neuter" Number="Plural" English="the">τὰ</Node>
                            </Node>
                            <Node Cat="CL" Id="19" Rule="V2CL" Head="0">
                              <Node Cat="V" Id="20" Rule="Vp2V" Head="0">
                                <Node Cat="vp" Id="21" Rule="V2VP" Head="0">
                                  <Node Cat="verb" Id="22" morphId="460130030051" Unicode="ὑπάρχοντά" Lemma="ὑπάρχω" Lang="G" StrongNumber="G52250" Morph="V,PPA,ANP," Mood="Participle" Tense="Present" Voice="Active" Case="Accusative" Gender="Neuter" Number="Plural" English="possessions">ὑπάρχοντά</Node>
                                </Node>
                              </Node>
                            </Node>
                          </Node>
                          <Node Cat="np" Id="23" Rule="Pron2NP" Head="0">
                            <Node Cat="pron" Id="24" morphId="460130030061" Unicode="μου," Lemma="ἐγώ" Lang="G" StrongNumber="G14730" Morph="RP,,,1G,S," Type="Personal" Person="First" Case="Genitive" Number="Singular" English="of me">μου,</Node>
                          </Node>
                        </Node>
                      </Node>
                    </Node>
                  </Node>
                </Node>
                <Node Cat="conj" Id="25" morphId="460130030071" Unicode="καὶ" Lemma="καί" Lang="G" StrongNumber="G25320" Morph="CC,,,,,,,," Type="Coordinating" English="and">καὶ</Node>
                <Node Cat="CL" Id="26" Rule="sub-CL" Head="1">
                  <Node Cat="conj" Id="27" morphId="460130030081" Unicode="ἐὰν" Lemma="ἐάν" Lang="G" StrongNumber="G14370" Morph="CS,,,,,,,," Type="Subordinating" English="if">ἐὰν</Node>
                  <Node Cat="CL" Id="28" Rule="ClCl" Head="0">
                    <Node Cat="CL" Id="29" Rule="V-O" Head="0">
                      <Node Cat="V" Id="30" Rule="Vp2V" Head="0">
                        <Node Cat="vp" Id="31" Rule="V2VP" Head="0">
                          <Node Cat="verb" Id="32" morphId="460130030091" Unicode="παραδῶ" Lemma="παραδίδωμι" Lang="G" StrongNumber="G38600" Morph="V,SAA1,,S," Mood="Subjunctive" Tense="Aorist" Voice="Active" Person="First" Number="Singular" English="I hand over">παραδῶ</Node>
                        </Node>
                      </Node>
                      <Node Cat="O" Id="33" Rule="Np2O" Head="0">
                        <Node Cat="np" Id="34" Rule="DetNP" Head="1">
                          <Node Cat="det" Id="35" morphId="460130030101" Unicode="τὸ" Lemma="ὁ" Lang="G" StrongNumber="G35880" Morph="EA,,,,ANS," Type="Article" Case="Accusative" Gender="Neuter" Number="Singular" English="the">τὸ</Node>
                          <Node Cat="np" Id="36" Rule="NPofNP" Head="0">
                            <Node Cat="np" Id="37" Rule="N2NP" Head="0">
                              <Node Cat="noun" Id="38" morphId="460130030111" Unicode="σῶμά" Lemma="σῶμα" Lang="G" StrongNumber="G49830" Morph="N,,,,,ANS," Case="Accusative" Gender="Neuter" Number="Singular" English="body">σῶμά</Node>
                            </Node>
                            <Node Cat="np" Id="39" Rule="Pron2NP" Head="0">
                              <Node Cat="pron" Id="40" morphId="460130030121" Unicode="μου," Lemma="ἐγώ" Lang="G" StrongNumber="G14730" Morph="RP,,,1G,S," Type="Personal" Person="First" Case="Genitive" Number="Singular" English="of me">μου,</Node>
                            </Node>
                          </Node>
                        </Node>
                      </Node>
                    </Node>
                    <Node Cat="CL" Id="41" Rule="sub-CL" Head="1">
                      <Node Cat="conj" Id="42" morphId="460130030131" Unicode="ἵνα" Lemma="ἵνα" Lang="G" StrongNumber="G24430" Morph="CS,,,,,,,," Type="Subordinating" English="to">ἵνα</Node>
                      <Node Cat="CL" Id="43" Rule="V2CL" Head="0">
                        <Node Cat="V" Id="44" Rule="Vp2V" Head="0">
                          <Node Cat="vp" Id="45" Rule="V2VP" Head="0">
                            <Node Cat="verb" Id="46" morphId="460130030141" Unicode="καυχήσωμαι," Lemma="καυχάομαι" Lang="G" StrongNumber="G27440" Morph="V,SAM1,,S," Mood="Subjunctive" Tense="Aorist" Voice="Middle" Person="First" Number="Singular" English="be burned">καυχήσωμαι,</Node>
                          </Node>
                        </Node>
                      </Node>
                    </Node>
                  </Node>
                </Node>
              </Node>
              <Node Cat="conj" Id="47" morphId="460130030161" Unicode="δὲ" Lemma="δέ" Lang="G" StrongNumber="G11610" Morph="CC,,,,,,,," Type="Coordinating" English="but">δὲ</Node>
              <Node Cat="CL" Id="48" Rule="O-ADV-V" Head="2">
                <Node Cat="O" Id="49" Rule="Np2O" Head="0">
                  <Node Cat="np" Id="50" Rule="N2NP" Head="0">
                    <Node Cat="noun" Id="51" morphId="460130030151" Unicode="ἀγάπην" Lemma="ἀγάπη" Lang="G" StrongNumber="G00260" Morph="N,,,,,AFS," Case="Accusative" Gender="Feminine" Number="Singular" English="love">ἀγάπην</Node>
                  </Node>
                </Node>
                <Node Cat="ADV" Id="52" Rule="Advp2ADV" Head="0">
                  <Node Cat="advp" Id="53" Rule="Adv2Advp" Head="0">
                    <Node Cat="adv" Id="54" morphId="460130030171" Unicode="μὴ" Lemma="μή" Lang="G" StrongNumber="G33610" Morph="D,,,,,,,,," English="not">μὴ</Node>
                  </Node>
                </Node>
                <Node Cat="V" Id="55" Rule="Vp2V" Head="0">
                  <Node Cat="vp" Id="56" Rule="V2VP" Head="0">
                    <Node Cat="verb" Id="57" morphId="460130030181" Unicode="ἔχω," Lemma="ἔχω" Lang="G" StrongNumber="G21920" Morph="V,SPA1,,S," Mood="Subjunctive" Tense="Present" Voice="Active" Person="First" Number="Singular" English="do ~ have">ἔχω,</Node>
                  </Node>
                </Node>
              </Node>
            </Node>
            <Node Cat="CL" Id="58" Rule="O-V" Head="1">
              <Node Cat="O" Id="59" Rule="Np2O" Head="0">
                <Node Cat="np" Id="60" Rule="Pron2NP" Head="0">
                  <Node Cat="pron" Id="61" morphId="460130030191" Unicode="οὐδὲν" Lemma="οὐδείς" Lang="G" StrongNumber="G37620" Morph="RI,,,,ANS," Type="Indefinite" Case="Accusative" Gender="Neuter" Number="Singular" English="nothing">οὐδὲν</Node>
                </Node>
              </Node>
              <Node Cat="V" Id="62" Rule="Vp2V" Head="0">
                <Node Cat="vp" Id="63" Rule="V2VP" Head="0">
                  <Node Cat="verb" Id="64" morphId="460130030201" Unicode="ὠφελοῦμαι." Lemma="ὠφελέω" Lang="G" StrongNumber="G56230" Morph="V,IPP1,,S," Mood="Indicative" Tense="Present" Voice="Passive" Person="First" Number="Singular" English="I gain">ὠφελοῦμαι.</Node>
                </Node>
              </Node>
            </Node>
          </Node>
        </Node>
      </Tree>
    </Trees>
  </Sentence>
  <Sentence ID="46013004">
    <Trees>
      <Tree>
        <Node Cat="Verse" Id="1" Head="0">
          <Node Cat="CL" Id="2" Rule="ClClClClCl" Head="0">
            <Node Cat="CL" Id="3" Rule="S-V" Head="1">
              <Node Cat="S" Id="4" Rule="Np2S" Head="0">
                <Node Cat="np" Id="5" Rule="DetNP" Head="1">
                  <Node Cat="det" Id="6" morphId="460130040011" Unicode="ἡ" Lemma="ὁ" Lang="G" StrongNumber="G35880" Morph="EA,,,,NFS," Type="Article" Case="Nominative" Gender="Feminine" Number="Singular">ἡ</Node>
                  <Node Cat="np" Id="7" Rule="N2NP" Head="0">
                    <Node Cat="noun" Id="8" morphId="460130040021" Unicode="ἀγάπη" Lemma="ἀγάπη" Lang="G" StrongNumber="G00260" Morph="N,,,,,NFS," Case="Nominative" Gender="Feminine" Number="Singular" English="love">ἀγάπη</Node>
                  </Node>
                </Node>
              </Node>
              <Node Cat="V" Id="9" Rule="Vp2V" Head="0">
                <Node Cat="vp" Id="10" Rule="V2VP" Head="0">
                  <Node Cat="verb" Id="11" morphId="460130040031" Unicode="μακροθυμεῖ," Lemma="μακροθυμέω" Lang="G" StrongNumber="G31140" Morph="V,IPA3,,S," Mood="Indicative" Tense="Present" Voice="Active" Person="Third" Number="Singular" English="is patient">μακροθυμεῖ,</Node>
                </Node>
              </Node>
            </Node>
            <Node Cat="CL" Id="12" Rule="V-S" Head="0">
              <Node Cat="V" Id="13" Rule="Vp2V" Head="0">
                <Node Cat="vp" Id="14" Rule="V2VP" Head="0">
                  <Node Cat="verb" Id="15" morphId="460130040041" Unicode="χρηστεύεται;" Lemma="χρηστεύομαι" Lang="G" StrongNumber="G55410" Morph="V,IPM3,,S," Mood="Indicative" Tense="Present" Voice="Middle" Person="Third" Number="Singular" English="is kind">χρηστεύεται;</Node>
                </Node>
              </Node>
              <Node Cat="S" Id="16" Rule="Np2S" Head="0">
                <Node Cat="np" Id="17" Rule="DetNP" Head="1">
                  <Node Cat="det" Id="18" morphId="460130040051" Unicode="ἡ" Lemma="ὁ" Lang="G" StrongNumber="G35880" Morph="EA,,,,NFS," Type="Article" Case="Nominative" Gender="Feminine" Number="Singular">ἡ</Node>
                  <Node Cat="np" Id="19" Rule="N2NP" Head="0">
                    <Node Cat="noun" Id="20" morphId="460130040061" Unicode="ἀγάπη" Lemma="ἀγάπη" Lang="G" StrongNumber="G00260" Morph="N,,,,,NFS," Case="Nominative" Gender="Feminine" Number="Singular" English="love">ἀγάπη</Node>
                  </Node>
                </Node>
              </Node>
            </Node>
            <Node Cat="CL" Id="21" Rule="ADV-V" Head="1">
              <Node Cat="ADV" Id="22" Rule="Advp2ADV" Head="0">
                <Node Cat="advp" Id="23" Rule="Adv2Advp" Head="0">
                  <Node Cat="adv" Id="24" morphId="460130040071" Unicode="οὐ" Lemma="οὐ" Lang="G" StrongNumber="G37560" Morph="D,,,,,,,,," English="not">οὐ</Node>
                </Node>
              </Node>
              <Node Cat="V" Id="25" Rule="Vp2V" Head="0">
                <Node Cat="vp" Id="26" Rule="V2VP" Head="0">
                  <Node Cat="verb" Id="27" morphId="460130040081" Unicode="ζηλοῖ;" Lemma="ζηλόω" Lang="G" StrongNumber="G22060" Morph="V,IPA3,,S," Mood="Indicative" Tense="Present" Voice="Active" Person="Third" Number="Singular" English="does ~ envy">ζηλοῖ;</Node>
                </Node>
              </Node>
            </Node>
            <Node Cat="CL" Id="28" Rule="S-ADV-V" Head="2">
              <Node Cat="S" Id="29" Rule="Np2S" Head="0">
                <Node Cat="np" Id="30" Rule="DetNP" Head="1">
                  <Node Cat="det" Id="31" morphId="460130040091" Unicode="ἡ" Lemma="ὁ" Lang="G" StrongNumber="G35880" Morph="EA,,,,NFS," Type="Article" Case="Nominative" Gender="Feminine" Number="Singular">ἡ</Node>
                  <Node Cat="np" Id="32" Rule="N2NP" Head="0">
                    <Node Cat="noun" Id="33" morphId="460130040101" Unicode="ἀγάπη" Lemma="ἀγάπη" Lang="G" StrongNumber="G00260" Morph="N,,,,,NFS," Case="Nominative" Gender="Feminine" Number="Singular" English="love">ἀγάπη</Node>
                  </Node>
                </Node>
              </Node>
              <Node Cat="ADV" Id="34" Rule="Advp2ADV" Head="0">
                <Node Cat="advp" Id="35" Rule="Adv2Advp" Head="0">
                  <Node Cat="adv" Id="36" morphId="460130040111" Unicode="οὐ" Lemma="οὐ" Lang="G" StrongNumber="G37560" Morph="D,,,,,,,,," English="not">οὐ</Node>
                </Node>
              </Node>
              <Node Cat="V" Id="37" Rule="Vp2V" Head="0">
                <Node Cat="vp" Id="38" Rule="V2VP" Head="0">
                  <Node Cat="verb" Id="39" morphId="460130040121" Unicode="περπερεύεται," Lemma="περπερεύομαι" Lang="G" StrongNumber="G40680" Morph="V,IPM3,,S," Mood="Indicative" Tense="Present" Voice="Middle" Person="Third" Number="Singular" English="does ~ boast">περπερεύεται,</Node>
                </Node>
              </Node>
            </Node>
            <Node Cat="CL" Id="40" Rule="ADV-V" Head="1">
              <Node Cat="ADV" Id="41" Rule="Advp2ADV" Head="0">
                <Node Cat="advp" Id="42" Rule="Adv2Advp" Head="0">
                  <Node Cat="adv" Id="43" morphId="460130040131" Unicode="οὐ" Lemma="οὐ" Lang="G" StrongNumber="G37560" Morph="D,,,,,,,,," English="not">οὐ</Node>
                </Node>
              </Node>
              <Node Cat="V" Id="44" Rule="Vp2V" Head="0">
                <Node Cat="vp" Id="45" Rule="V2VP" Head="0">
                  <Node Cat="verb" Id="46" morphId="460130040141" Unicode="φυσιοῦται," Lemma="φυσιόω" Lang="G" StrongNumber="G54480" Morph="V,IPP3,,S," Mood="Indicative" Tense="Present" Voice="Passive" Person="Third" Number="Singular" English="is ~ arrogant">φυσιοῦται,</Node>
                </Node>
              </Node>
            </Node>
          </Node>
        </Node>
      </Tree>
    </Trees>
  </Sentence>
  <Sentence ID="46013005">
    <Trees>
      <Tree>
        <Node Cat="Verse" Id="1" Head="0">
          <Node Cat="CL" Id="2" Rule="ClClClCl" Head="0">
            <Node Cat="CL" Id="3" Rule="ADV-V" Head="1">
              <Node Cat="ADV" Id="4" Rule="Advp2ADV" Head="0">
                <Node Cat="advp" Id="5" Rule="Adv2Advp" Head="0">
                  <Node Cat="adv" Id="6" morphId="460130050011" Unicode="οὐκ" Lemma="οὐ" Lang="G" StrongNumber="G37560" Morph="D,,,,,,,,," English="not">οὐκ</Node>
                </Node>
              </Node>
              <Node Cat="V" Id="7" Rule="Vp2V" Head="0">
                <Node Cat="vp" Id="8" Rule="V2VP" Head="0">
                  <Node Cat="verb" Id="9" morphId="460130050021" Unicode="ἀσχημονεῖ," Lemma="ἀσχημονέω" Lang="G" StrongNumber="G08070" Morph="V,IPA3,,S," Mood="Indicative" Tense="Present" Voice="Active" Person="Third" Number="Singular" English="rude">ἀσχημονεῖ,</Node>
                </Node>
              </Node>
            </Node>
            <Node Cat="CL" Id="10" Rule="ADV-V-O" Head="1">
              <Node Cat="ADV" Id="11" Rule="Advp2ADV" Head="0">
                <Node Cat="advp" Id="12" Rule="Adv2Advp" Head="0">
                  <Node Cat="adv" Id="13" morphId="460130050031" Unicode="οὐ" Lemma="οὐ" Lang="G" StrongNumber="G37560" Morph="D,,,,,,,,," English="not">οὐ</Node>
                </Node>
              </Node>
              <Node Cat="V" Id="14" Rule="Vp2V" Head="0">
                <Node Cat="vp" Id="15" Rule="V2VP" Head="0">
                  <Node Cat="verb" Id="16" morphId="460130050041" Unicode="ζητεῖ" Lemma="ζητέω" Lang="G" StrongNumber="G22120" Morph="V,IPA3,,S," Mood="Indicative" Tense="Present" Voice="Active" Person="Third" Number="Singular" English="it does ~ insist on">ζητεῖ</Node>
                </Node>
              </Node>
              <Node Cat="O" Id="17" Rule="Np2O" Head="0">
                <Node Cat="np" Id="18" Rule="NPofNP" Head="0">
                  <Node Cat="np" Id="19" Rule="Pron2NP" Head="0">
                    <Node Cat="pron" Id="20" morphId="460130050051" Unicode="τὰ" Lemma="ὁ" Lang="G" StrongNumber="G35880" Morph="RD,,,,ANP," Type="Demonstrative" Case="Accusative" Gender="Neuter" Number="Plural" English="way">τὰ</Node>
                  </Node>
                  <Node Cat="np" Id="21" Rule="Pron2NP" Head="0">
                    <Node Cat="pron" Id="22" morphId="460130050061" Unicode="ἑαυτῆς," Lemma="ἑαυτοῦ" Lang="G" StrongNumber="G14380" Morph="RE,,,3GFS," Type="Reflexive" Person="Third" Case="Genitive" Gender="Feminine" Number="Singular" English="of itself">ἑαυτῆς,</Node>
                  </Node>
                </Node>
              </Node>
            </Node>
            <Node Cat="CL" Id="23" Rule="ADV-V" Head="1">
              <Node Cat="ADV" Id="24" Rule="Advp2ADV" Head="0">
                <Node Cat="advp" Id="25" Rule="Adv2Advp" Head="0">
                  <Node Cat="adv" Id="26" morphId="460130050071" Unicode="οὐ" Lemma="οὐ" Lang="G" StrongNumber="G37560" Morph="D,,,,,,,,," English="not">οὐ</Node>
                </Node>
              </Node>
              <Node Cat="V" Id="27" Rule="Vp2V" Head="0">
                <Node Cat="vp" Id="28" Rule="V2VP" Head="0">
                  <Node Cat="verb" Id="29" morphId="460130050081" Unicode="παροξύνεται," Lemma="παροξύνω" Lang="G" StrongNumber="G39470" Morph="V,IPP3,,S," Mood="Indicative" Tense="Present" Voice="Passive" Person="Third" Number="Singular" English="is ~ provoked">παροξύνεται,</Node>
                </Node>
              </Node>
            </Node>
            <Node Cat="CL" Id="30" Rule="ADV-V-O" Head="1">
              <Node Cat="ADV" Id="31" Rule="Advp2ADV" Head="0">
                <Node Cat="advp" Id="32" Rule="Adv2Advp" Head="0">
                  <Node Cat="adv" Id="33" morphId="460130050091" Unicode="οὐ" Lemma="οὐ" Lang="G" StrongNumber="G37560" Morph="D,,,,,,,,," English="not">οὐ</Node>
                </Node>
              </Node>
              <Node Cat="V" Id="34" Rule="Vp2V" Head="0">
                <Node Cat="vp" Id="35" Rule="V2VP" Head="0">
                  <Node Cat="verb" Id="36" morphId="460130050101" Unicode="λογίζεται" Lemma="λογίζομαι" Lang="G" StrongNumber="G30490" Morph="V,IPM3,,S," Mood="Indicative" Tense="Present" Voice="Middle" Person="Third" Number="Singular" English="does ~ keep a record of">λογίζεται</Node>
                </Node>
              </Node>
              <Node Cat="O" Id="37" Rule="Np2O" Head="0">
                <Node Cat="np" Id="38" Rule="DetNP" Head="1">
                  <Node Cat="det" Id="39" morphId="460130050111" Unicode="τὸ" Lemma="ὁ" Lang="G" StrongNumber="G35880" Morph="EA,,,,ANS," Type="Article" Case="Accusative" Gender="Neuter" Number="Singular">τὸ</Node>
                  <Node Cat="np" Id="40" Rule="N2NP" Head="0">
                    <Node Cat="noun" Id="41" morphId="460130050121" Unicode="κακόν," Lemma="κακός" Lang="G" StrongNumber="G25560" Morph="NS,,,,ANS," Type="Substantive_Adj" Case="Accusative" Gender="Neuter" Number="Singular" English="of wrongs">κακόν,</Node>
                  </Node>
                </Node>
              </Node>
            </Node>
          </Node>
        </Node>
      </Tree>
    </Trees>
  </Sentence>
  <Sentence ID="46013006">
    <Trees>
      <Tree>
        <Node Cat="Verse" Id="1" Head="0">
          <Node Cat="CL" Id="2" Rule="notCLbutCL2CL" Head="3">
            <Node Cat="advp" Id="3" Rule="Adv2Advp" Head="0">
              <Node Cat="adv" Id="4" morphId="460130060011" Unicode="οὐ" Lemma="οὐ" Lang="G" StrongNumber="G37560" Morph="DO,,,,,,,," Type="Correlative" English="not">οὐ</Node>
            </Node>
            <Node Cat="CL" Id="5" Rule="V-ADV" Head="0">
              <Node Cat="V" Id="6" Rule="Vp2V" Head="0">
                <Node Cat="vp" Id="7" Rule="V2VP" Head="0">
                  <Node Cat="verb" Id="8" morphId="460130060021" Unicode="χαίρει" Lemma="χαίρω" Lang="G" StrongNumber="G54630" Morph="V,IPA3,,S," Mood="Indicative" Tense="Present" Voice="Active" Person="Third" Number="Singular" English="does ~ rejoice">χαίρει</Node>
                </Node>
              </Node>
              <Node Cat="ADV" Id="9" Rule="pp2ADV" Head="0">
                <Node Cat="pp" Id="10" Rule="PrepNp" Head="1">
                  <Node Cat="prep" Id="11" morphId="460130060031" Unicode="ἐπὶ" Lemma="ἐπί" Lang="G" StrongNumber="G19090" Morph="P,,,,,D,,," Case="Dative" English="in">ἐπὶ</Node>
                  <Node Cat="np" Id="12" Rule="DetNP" Head="1">
                    <Node Cat="det" Id="13" morphId="460130060041" Unicode="τῇ" Lemma="ὁ" Lang="G" StrongNumber="G35880" Morph="EA,,,,DFS," Type="Article" Case="Dative" Gender="Feminine" Number="Singular">τῇ</Node>
                    <Node Cat="np" Id="14" Rule="N2NP" Head="0">
                      <Node Cat="noun" Id="15" morphId="460130060051" Unicode="ἀδικίᾳ," Lemma="ἀδικία" Lang="G" StrongNumber="G00930" Morph="N,,,,,DFS," Case="Dative" Gender="Feminine" Number="Singular" English="unrighteousness">ἀδικίᾳ,</Node>
                    </Node>
                  </Node>
                </Node>
              </Node>
            </Node>
            <Node Cat="conj" Id="16" morphId="460130060071" Unicode="δὲ" Lemma="δέ" Lang="G" StrongNumber="G11610" Morph="CO,,,,,,,," Type="Correlative" English="but">δὲ</Node>
            <Node Cat="CL" Id="17" Rule="V-ADV" Head="0">
              <Node Cat="V" Id="18" Rule="Vp2V" Head="0">
                <Node Cat="vp" Id="19" Rule="V2VP" Head="0">
                  <Node Cat="verb" Id="20" morphId="460130060061" Unicode="συνχαίρει" Lemma="συνχαίρω" Lang="G" StrongNumber="G47960" Morph="V,IPA3,,S," Mood="Indicative" Tense="Present" Voice="Active" Person="Third" Number="Singular" English="rejoices with">συνχαίρει</Node>
                </Node>
              </Node>
              <Node Cat="ADV" Id="21" Rule="Np2ADV" Head="0">
                <Node Cat="np" Id="22" Rule="DetNP" Head="1">
                  <Node Cat="det" Id="23" morphId="460130060081" Unicode="τῇ" Lemma="ὁ" Lang="G" StrongNumber="G35880" Morph="EA,,,,DFS," Type="Article" Case="Dative" Gender="Feminine" Number="Singular" English="the">τῇ</Node>
                  <Node Cat="np" Id="24" Rule="N2NP" Head="0">
                    <Node Cat="noun" Id="25" morphId="460130060091" Unicode="ἀληθείᾳ;" Lemma="ἀλήθεια" Lang="G" StrongNumber="G02250" Morph="N,,,,,DFS," Case="Dative" Gender="Feminine" Number="Singular" English="truth">ἀληθείᾳ;</Node>
                  </Node>
                </Node>
              </Node>
            </Node>
          </Node>
        </Node>
      </Tree>
    </Trees>
  </Sentence>
  <Sentence ID="46013007">
    <Trees>
      <Tree>
        <Node Cat="Verse" Id="1" Head="0">
          <Node Cat="CL" Id="2" Rule="ClClClCl" Head="0">
            <Node Cat="CL" Id="3" Rule="O-V" Head="1">
              <Node Cat="O" Id="4" Rule="Np2O" Head="0">
                <Node Cat="np" Id="5" Rule="Pron2NP" Head="0">
                  <Node Cat="pron" Id="6" morphId="460130070011" Unicode="πάντα" Lemma="πᾶς" Lang="G" StrongNumber="G39560" Morph="RI,,,,ANP," Type="Indefinite" Case="Accusative" Gender="Neuter" Number="Plural" English="all things">πάντα</Node>
                </Node>
              </Node>
              <Node Cat="V" Id="7" Rule="Vp2V" Head="0">
                <Node Cat="vp" Id="8" Rule="V2VP" Head="0">
                  <Node Cat="verb" Id="9" morphId="460130070021" Unicode="στέγει," Lemma="στέγω" Lang="G" StrongNumber="G47220" Morph="V,IPA3,,S," Mood="Indicative" Tense="Present" Voice="Active" Person="Third" Number="Singular" English="bears">στέγει,</Node>
                </Node>
              </Node>
            </Node>
            <Node Cat="CL" Id="10" Rule="O-V" Head="1">
              <Node Cat="O" Id="11" Rule="Np2O" Head="0">
                <Node Cat="np" Id="12" Rule="Pron2NP" Head="0">
                  <Node Cat="pron" Id="13" morphId="460130070031" Unicode="πάντα" Lemma="πᾶς" Lang="G" StrongNumber="G39560" Morph="RI,,,,ANP," Type="Indefinite" Case="Accusative" Gender="Neuter" Number="Plural" English="all things">πάντα</Node>
                </Node>
              </Node>
              <Node Cat="V" Id="14" Rule="Vp2V" Head="0">
                <Node Cat="vp" Id="15" Rule="V2VP" Head="0">
                  <Node Cat="verb" Id="16" morphId="460130070041" Unicode="πιστεύει," Lemma="πιστεύω" Lang="G" StrongNumber="G41000" Morph="V,IPA3,,S," Mood="Indicative" Tense="Present" Voice="Active" Person="Third" Number="Singular" English="believes">πιστεύει,</Node>
                </Node>
              </Node>
            </Node>
            <Node Cat="CL" Id="17" Rule="O-V" Head="1">
              <Node Cat="O" Id="18" Rule="Np2O" Head="0">
                <Node Cat="np" Id="19" Rule="Pron2NP" Head="0">
                  <Node Cat="pron" Id="20" morphId="460130070051" Unicode="πάντα" Lemma="πᾶς" Lang="G" StrongNumber="G39560" Morph="RI,,,,ANP," Type="Indefinite" Case="Accusative" Gender="Neuter" Number="Plural" English="all things">πάντα</Node>
                </Node>
              </Node>
              <Node Cat="V" Id="21" Rule="Vp2V" Head="0">
                <Node Cat="vp" Id="22" Rule="V2VP" Head="0">
                  <Node Cat="verb" Id="23" morphId="460130070061" Unicode="ἐλπίζει," Lemma="ἐλπίζω" Lang="G" StrongNumber="G16790" Morph="V,IPA3,,S," Mood="Indicative" Tense="Present" Voice="Active" Person="Third" Number="Singular" English="hopes">ἐλπίζει,</Node>
                </Node>
              </Node>
            </Node>
            <Node Cat="CL" Id="24" Rule="O-V" Head="1">
              <Node Cat="O" Id="25" Rule="Np2O" Head="0">
                <Node Cat="np" Id="26" Rule="Pron2NP" Head="0">
                  <Node Cat="pron" Id="27" morphId="460130070071" Unicode="πάντα" Lemma="πᾶς" Lang="G" StrongNumber="G39560" Morph="RI,,,,ANP," Type="Indefinite" Case="Accusative" Gender="Neuter" Number="Plural" English="all things">πάντα</Node>
                </Node>
              </Node>
              <Node Cat="V" Id="28" Rule="Vp2V" Head="0">
                <Node Cat="vp" Id="29" Rule="V2VP" Head="0">
                  <Node Cat="verb" Id="30" morphId="460130070081" Unicode="ὑπομένει." Lemma="ὑπομένω" Lang="G" StrongNumber="G52780" Morph="V,IPA3,,S," Mood="Indicative" Tense="Present" Voice="Active" Person="Third" Number="Singular" English="endures">ὑπομένει.</Node>
                </Node>
              </Node>
            </Node>
          </Node>
        </Node>
      </Tree>
    </Trees>
  </Sentence>
  <Sentence ID="46013008">
    <Trees>
      <Tree>
        <Node Cat="Verse" Id="1" Head="0">
          <Node Cat="CL" Id="2" Rule="S-ADV-V" Head="2">
            <Node Cat="S" Id="3" Rule="Np2S" Head="0">
              <Node Cat="np" Id="4" Rule="DetNP" Head="1">
                <Node Cat="det" Id="5" morphId="460130080011" Unicode="ἡ" Lemma="ὁ" Lang="G" StrongNumber="G35880" Morph="EA,,,,NFS," Type="Article" Case="Nominative" Gender="Feminine" Number="Singular">ἡ</Node>
                <Node Cat="np" Id="6" Rule="N2NP" Head="0">
                  <Node Cat="noun" Id="7" morphId="460130080021" Unicode="ἀγάπη" Lemma="ἀγάπη" Lang="G" StrongNumber="G00260" Morph="N,,,,,NFS," Case="Nominative" Gender="Feminine" Number="Singular" English="love">ἀγάπη</Node>
                </Node>
              </Node>
            </Node>
            <Node Cat="ADV" Id="8" Rule="Advp2ADV" Head="0">
              <Node Cat="advp" Id="9" Rule="Adv2Advp" Head="0">
                <Node Cat="adv" Id="10" morphId="460130080031" Unicode="οὐδέποτε" Lemma="οὐδέποτε" Lang="G" StrongNumber="G37630" Morph="D,,,,,,,,," English="never">οὐδέποτε</Node>
              </Node>
            </Node>
            <Node Cat="V" Id="11" Rule="Vp2V" Head="0">
              <Node Cat="vp" Id="12" Rule="V2VP" Head="0">
                <Node Cat="verb" Id="13" morphId="460130080041" Unicode="πίπτει." Lemma="πίπτω" Lang="G" StrongNumber="G40980" Morph="V,IPA3,,S," Mood="Indicative" Tense="Present" Voice="Active" Person="Third" Number="Singular" English="ends">πίπτει.</Node>
              </Node>
            </Node>
          </Node>
          <Node Cat="CL" Id="14" Rule="Conj-CL" Head="1">
            <Node Cat="conj" Id="15" morphId="460130080061" Unicode="δὲ" Lemma="δέ" Lang="G" StrongNumber="G11610" Morph="CC,,,,,,,," Type="Coordinating" English="but">δὲ</Node>
            <Node Cat="CL" Id="16" Rule="ClClCl" Head="0">
              <Node Cat="CL" Id="17" Rule="ClCl2" Head="1">
                <Node Cat="CL" Id="18" Rule="sub-CL" Head="1">
                  <Node Cat="conj" Id="19" Rule="Adv2Conj" Head="0">
                    <Node Cat="adv" Id="20" morphId="460130080051" Unicode="εἴτε" Lemma="εἴτε" Lang="G" StrongNumber="G15350" Morph="DO,,,,,,,," Type="Correlative" English="as for">εἴτε</Node>
                  </Node>
                  <Node Cat="CL" Id="21" Rule="S2CL" Head="0">
                    <Node Cat="S" Id="22" Rule="Np2S" Head="0">
                      <Node Cat="np" Id="23" Rule="N2NP" Head="0">
                        <Node Cat="noun" Id="24" morphId="460130080071" Unicode="προφητεῖαι," Lemma="προφητεία" Lang="G" StrongNumber="G43940" Morph="N,,,,,NFP," Case="Nominative" Gender="Feminine" Number="Plural" English="prophecies">προφητεῖαι,</Node>
                      </Node>
                    </Node>
                  </Node>
                </Node>
                <Node Cat="CL" Id="25" Rule="V2CL" Head="0">
                  <Node Cat="V" Id="26" Rule="Vp2V" Head="0">
                    <Node Cat="vp" Id="27" Rule="V2VP" Head="0">
                      <Node Cat="verb" Id="28" morphId="460130080081" Unicode="καταργηθήσονται;" Lemma="καταργέω" Lang="G" StrongNumber="G26730" Morph="V,IFP3,,P," Mood="Indicative" Tense="Future" Voice="Passive" Person="Third" Number="Plural" English="they will come to an end">καταργηθήσονται;</Node>
                    </Node>
                  </Node>
                </Node>
              </Node>
              <Node Cat="CL" Id="29" Rule="ClCl2" Head="1">
                <Node Cat="CL" Id="30" Rule="sub-CL" Head="1">
                  <Node Cat="conj" Id="31" morphId="460130080091" Unicode="εἴτε" Lemma="εἴτε" Lang="G" StrongNumber="G15350" Morph="CO,,,,,,,," Type="Correlative" English="as for">εἴτε</Node>
                  <Node Cat="CL" Id="32" Rule="S2CL" Head="0">
                    <Node Cat="S" Id="33" Rule="Np2S" Head="0">
                      <Node Cat="np" Id="34" Rule="N2NP" Head="0">
                        <Node Cat="noun" Id="35" morphId="460130080101" Unicode="γλῶσσαι," Lemma="γλῶσσα" Lang="G" StrongNumber="G11000" Morph="N,,,,,NFP," Case="Nominative" Gender="Feminine" Number="Plural" English="tongues">γλῶσσαι,</Node>
                      </Node>
                    </Node>
                  </Node>
                </Node>
                <Node Cat="CL" Id="36" Rule="V2CL" Head="0">
                  <Node Cat="V" Id="37" Rule="Vp2V" Head="0">
                    <Node Cat="vp" Id="38" Rule="V2VP" Head="0">
                      <Node Cat="verb" Id="39" morphId="460130080111" Unicode="παύσονται;" Lemma="παύω" Lang="G" StrongNumber="G39730" Morph="V,IFM3,,P," Mood="Indicative" Tense="Future" Voice="Middle" Person="Third" Number="Plural" English="they will cease">παύσονται;</Node>
                    </Node>
                  </Node>
                </Node>
              </Node>
              <Node Cat="CL" Id="40" Rule="ClCl2" Head="1">
                <Node Cat="CL" Id="41" Rule="sub-CL" Head="1">
                  <Node Cat="conj" Id="42" morphId="460130080121" Unicode="εἴτε" Lemma="εἴτε" Lang="G" StrongNumber="G15350" Morph="CO,,,,,,,," Type="Correlative" English="as for">εἴτε</Node>
                  <Node Cat="CL" Id="43" Rule="S2CL" Head="0">
                    <Node Cat="S" Id="44" Rule="Np2S" Head="0">
                      <Node Cat="np" Id="45" Rule="N2NP" Head="0">
                        <Node Cat="noun" Id="46" morphId="460130080131" Unicode="γνῶσις," Lemma="γνῶσις" Lang="G" StrongNumber="G11080" Morph="N,,,,,NFS," Case="Nominative" Gender="Feminine" Number="Singular" English="knowledge">γνῶσις,</Node>
                      </Node>
                    </Node>
                  </Node>
                </Node>
                <Node Cat="CL" Id="47" Rule="V2CL" Head="0">
                  <Node Cat="V" Id="48" Rule="Vp2V" Head="0">
                    <Node Cat="vp" Id="49" Rule="V2VP" Head="0">
                      <Node Cat="verb" Id="50" morphId="460130080141" Unicode="καταργηθήσεται." Lemma="καταργέω" Lang="G" StrongNumber="G26730" Morph="V,IFP3,,S," Mood="Indicative" Tense="Future" Voice="Passive" Person="Third" Number="Singular" English="it will pass away">καταργηθήσεται.</Node>
                    </Node>
                  </Node>
                </Node>
              </Node>
            </Node>
          </Node>
        </Node>
      </Tree>
    </Trees>
  </Sentence>
  <Sentence ID="46013009">
    <Trees>
      <Tree>
        <Node Cat="Verse" Id="1" Head="0">
          <Node Cat="CL" Id="2" Rule="Conj-CL" Head="1">
            <Node Cat="conj" Id="3" morphId="460130090031" Unicode="γὰρ" Lemma="γάρ" Lang="G" StrongNumber="G10630" Morph="CC,,,,,,,," Type="Coordinating" English="for">γὰρ</Node>
            <Node Cat="CL" Id="4" Rule="CLaCL" Head="0">
              <Node Cat="CL" Id="5" Rule="ADV-V" Head="1">
                <Node Cat="ADV" Id="6" Rule="pp2ADV" Head="0">
                  <Node Cat="pp" Id="7" Rule="PrepNp" Head="1">
                    <Node Cat="prep" Id="8" morphId="460130090011" Unicode="ἐκ" Lemma="ἐκ" Lang="G" StrongNumber="G15370" Morph="P,,,,,G,,," Case="Genitive" English="in">ἐκ</Node>
                    <Node Cat="np" Id="9" Rule="N2NP" Head="0">
                      <Node Cat="noun" Id="10" morphId="460130090021" Unicode="μέρους" Lemma="μέρος" Lang="G" StrongNumber="G33130" Morph="N,,,,,GNS," Case="Genitive" Gender="Neuter" Number="Singular" English="part">μέρους</Node>
                    </Node>
                  </Node>
                </Node>
                <Node Cat="V" Id="11" Rule="Vp2V" Head="0">
                  <Node Cat="vp" Id="12" Rule="V2VP" Head="0">
                    <Node Cat="verb" Id="13" morphId="460130090041" Unicode="γινώσκομεν," Lemma="γινώσκω" Lang="G" StrongNumber="G10970" Morph="V,IPA1,,P," Mood="Indicative" Tense="Present" Voice="Active" Person="First" Number="Plural" English="we know">γινώσκομεν,</Node>
                  </Node>
                </Node>
              </Node>
              <Node Cat="conj" Id="14" morphId="460130090051" Unicode="καὶ" Lemma="καί" Lang="G" StrongNumber="G25320" Morph="CC,,,,,,,," Type="Coordinating" English="and">καὶ</Node>
              <Node Cat="CL" Id="15" Rule="ADV-V" Head="1">
                <Node Cat="ADV" Id="16" Rule="pp2ADV" Head="0">
                  <Node Cat="pp" Id="17" Rule="PrepNp" Head="1">
                    <Node Cat="prep" Id="18" morphId="460130090061" Unicode="ἐκ" Lemma="ἐκ" Lang="G" StrongNumber="G15370" Morph="P,,,,,G,,," Case="Genitive" English="in">ἐκ</Node>
                    <Node Cat="np" Id="19" Rule="N2NP" Head="0">
                      <Node Cat="noun" Id="20" morphId="460130090071" Unicode="μέρους" Lemma="μέρος" Lang="G" StrongNumber="G33130" Morph="N,,,,,GNS," Case="Genitive" Gender="Neuter" Number="Singular" English="part">μέρους</Node>
                    </Node>
                  </Node>
                </Node>
                <Node Cat="V" Id="21" Rule="Vp2V" Head="0">
                  <Node Cat="vp" Id="22" Rule="V2VP" Head="0">
                    <Node Cat="verb" Id="23" morphId="460130090081" Unicode="προφητεύομεν;" Lemma="προφητεύω" Lang="G" StrongNumber="G43950" Morph="V,IPA1,,P," Mood="Indicative" Tense="Present" Voice="Active" Person="First" Number="Plural" English="we prophesy">προφητεύομεν;</Node>
                  </Node>
                </Node>
              </Node>
            </Node>
          </Node>
        </Node>
      </Tree>
    </Trees>
  </Sentence>
  <Sentence ID="46013010">
    <Trees>
      <Tree>
        <Node Cat="Verse" Id="1" Head="0">
          <Node Cat="CL" Id="2" Rule="Conj-CL" Head="1">
            <Node Cat="conj" Id="3" morphId="460130100021" Unicode="δὲ" Lemma="δέ" Lang="G" StrongNumber="G11610" Morph="CC,,,,,,,," Type="Coordinating" English="but">δὲ</Node>
            <Node Cat="CL" Id="4" Rule="ClCl2" Head="1">
              <Node Cat="CL" Id="5" Rule="sub-CL" Head="1">
                <Node Cat="conj" Id="6" morphId="460130100011" Unicode="ὅταν" Lemma="ὅταν" Lang="G" StrongNumber="G37520" Morph="CS,,,,,,,," Type="Subordinating" English="when">ὅταν</Node>
                <Node Cat="CL" Id="7" Rule="V-S" Head="0">
                  <Node Cat="V" Id="8" Rule="Vp2V" Head="0">
                    <Node Cat="vp" Id="9" Rule="V2VP" Head="0">
                      <Node Cat="verb" Id="10" morphId="460130100031" Unicode="ἔλθῃ" Lemma="ἔρχομαι" Lang="G" StrongNumber="G20640" Morph="V,SAA3,,S," Mood="Subjunctive" Tense="Aorist" Voice="Active" Person="Third" Number="Singular" English="comes">ἔλθῃ</Node>
                    </Node>
                  </Node>
                  <Node Cat="S" Id="11" Rule="Np2S" Head="0">
                    <Node Cat="np" Id="12" Rule="DetNP" Head="1">
                      <Node Cat="det" Id="13" morphId="460130100041" Unicode="τὸ" Lemma="ὁ" Lang="G" StrongNumber="G35880" Morph="EA,,,,NNS," Type="Article" Case="Nominative" Gender="Neuter" Number="Singular" English="the">τὸ</Node>
                      <Node Cat="np" Id="14" Rule="N2NP" Head="0">
                        <Node Cat="noun" Id="15" morphId="460130100051" Unicode="τέλειον," Lemma="τέλειος" Lang="G" StrongNumber="G50460" Morph="NS,,,,NNS," Type="Substantive_Adj" Case="Nominative" Gender="Neuter" Number="Singular" English="perfect">τέλειον,</Node>
                      </Node>
                    </Node>
                  </Node>
                </Node>
              </Node>
              <Node Cat="CL" Id="16" Rule="S-V" Head="1">
                <Node Cat="S" Id="17" Rule="Np2S" Head="0">
                  <Node Cat="np" Id="18" Rule="NpPp" Head="0">
                    <Node Cat="np" Id="19" Rule="Pron2NP" Head="0">
                      <Node Cat="pron" Id="20" morphId="460130100061" Unicode="τὸ" Lemma="ὁ" Lang="G" StrongNumber="G35880" Morph="RD,,,,NNS," Type="Demonstrative" Case="Nominative" Gender="Neuter" Number="Singular" English="the">τὸ</Node>
                    </Node>
                    <Node Cat="pp" Id="21" Rule="PrepNp" Head="1">
                      <Node Cat="prep" Id="22" morphId="460130100071" Unicode="ἐκ" Lemma="ἐκ" Lang="G" StrongNumber="G15370" Morph="P,,,,,G,,," Case="Genitive" English="in">ἐκ</Node>
                      <Node Cat="np" Id="23" Rule="N2NP" Head="0">
                        <Node Cat="noun" Id="24" morphId="460130100081" Unicode="μέρους" Lemma="μέρος" Lang="G" StrongNumber="G33130" Morph="N,,,,,GNS," Case="Genitive" Gender="Neuter" Number="Singular" English="part">μέρους</Node>
                      </Node>
                    </Node>
                  </Node>
                </Node>
                <Node Cat="V" Id="25" Rule="Vp2V" Head="0">
                  <Node Cat="vp" Id="26" Rule="V2VP" Head="0">
                    <Node Cat="verb" Id="27" morphId="460130100091" Unicode="καταργηθήσεται." Lemma="καταργέω" Lang="G" StrongNumber="G26730" Morph="V,IFP3,,S," Mood="Indicative" Tense="Future" Voice="Passive" Person="Third" Number="Singular" English="will come to an end">καταργηθήσεται.</Node>
                  </Node>
                </Node>
              </Node>
            </Node>
          </Node>
        </Node>
      </Tree>
    </Trees>
  </Sentence>
  <Sentence ID="46013011">
    <Trees>
      <Tree>
        <Node Cat="Verse" Id="1" Head="0">
          <Node Cat="CL" Id="2" Rule="ClCl2" Head="1">
            <Node Cat="CL" Id="3" Rule="sub-CL" Head="1">
              <Node Cat="conj" Id="4" morphId="460130110011" Unicode="ὅτε" Lemma="ὅτε" Lang="G" StrongNumber="G37530" Morph="CS,,,,,,,," Type="Subordinating" English="when">ὅτε</Node>
              <Node Cat="CL" Id="5" Rule="VC-P" Head="1">
                <Node Cat="VC" Id="6" Rule="vp2VC" Head="0">
                  <Node Cat="vp" Id="7" Rule="V2VP" Head="0">
                    <Node Cat="verb" Id="8" morphId="460130110021" Unicode="ἤμην" Lemma="εἰμί" Lang="G" StrongNumber="G15100" Morph="V,IIM1,,S," Mood="Indicative" Tense="Imperfect" Voice="Middle" Person="First" Number="Singular" English="I was">ἤμην</Node>
                  </Node>
                </Node>
                <Node Cat="P" Id="9" Rule="Np2P" Head="0">
                  <Node Cat="np" Id="10" Rule="N2NP" Head="0">
                    <Node Cat="noun" Id="11" morphId="460130110031" Unicode="νήπιος," Lemma="νήπιος" Lang="G" StrongNumber="G35160" Morph="NP,,,,NMS," Type="Predicate_Adj" Case="Nominative" Gender="Masculine" Number="Singular" English="a child">νήπιος,</Node>
                  </Node>
                </Node>
              </Node>
            </Node>
            <Node Cat="CL" Id="12" Rule="ClClCl" Head="0">
              <Node Cat="CL" Id="13" Rule="V-ADV" Head="0">
                <Node Cat="V" Id="14" Rule="Vp2V" Head="0">
                  <Node Cat="vp" Id="15" Rule="V2VP" Head="0">
                    <Node Cat="verb" Id="16" morphId="460130110041" Unicode="ἐλάλουν" Lemma="λαλέω" Lang="G" StrongNumber="G29800" Morph="V,IIA1,,S," Mood="Indicative" Tense="Imperfect" Voice="Active" Person="First" Number="Singular" English="I spoke">ἐλάλουν</Node>
                  </Node>
                </Node>
                <Node Cat="ADV" Id="17" Rule="pp2ADV" Head="0">
                  <Node Cat="pp" Id="18" Rule="PrepNp" Head="1">
                    <Node Cat="prep" Id="19" Rule="Conj2Prep" Head="0">
                      <Node Cat="conj" Id="20" morphId="460130110051" Unicode="ὡς" Lemma="ὡς" Lang="G" StrongNumber="G56130" Morph="CS,,,,,,,," Type="Subordinating" English="like">ὡς</Node>
                    </Node>
                    <Node Cat="np" Id="21" Rule="N2NP" Head="0">
                      <Node Cat="noun" Id="22" morphId="460130110061" Unicode="νήπιος," Lemma="νήπιος" Lang="G" StrongNumber="G35160" Morph="NS,,,,NMS," Type="Substantive_Adj" Case="Nominative" Gender="Masculine" Number="Singular" English="a child">νήπιος,</Node>
                    </Node>
                  </Node>
                </Node>
              </Node>
              <Node Cat="CL" Id="23" Rule="V-ADV" Head="0">
                <Node Cat="V" Id="24" Rule="Vp2V" Head="0">
                  <Node Cat="vp" Id="25" Rule="V2VP" Head="0">
                    <Node Cat="verb" Id="26" morphId="460130110071" Unicode="ἐφρόνουν" Lemma="φρονέω" Lang="G" StrongNumber="G54260" Morph="V,IIA1,,S," Mood="Indicative" Tense="Imperfect" Voice="Active" Person="First" Number="Singular" English="I thought">ἐφρόνουν</Node>
                  </Node>
                </Node>
                <Node Cat="ADV" Id="27" Rule="pp2ADV" Head="0">
                  <Node Cat="pp" Id="28" Rule="PrepNp" Head="1">
                    <Node Cat="prep" Id="29" Rule="Conj2Prep" Head="0">
                      <Node Cat="conj" Id="30" morphId="460130110081" Unicode="ὡς" Lemma="ὡς" Lang="G" StrongNumber="G56130" Morph="CS,,,,,,,," Type="Subordinating" English="like">ὡς</Node>
                    </Node>
                    <Node Cat="np" Id="31" Rule="N2NP" Head="0">
                      <Node Cat="noun" Id="32" morphId="460130110091" Unicode="νήπιος," Lemma="νήπιος" Lang="G" StrongNumber="G35160" Morph="NS,,,,NMS," Type="Substantive_Adj" Case="Nominative" Gender="Masculine" Number="Singular" English="a child">νήπιος,</Node>
                    </Node>
                  </Node>
                </Node>
              </Node>
              <Node Cat="CL" Id="33" Rule="V-ADV" Head="0">
                <Node Cat="V" Id="34" Rule="Vp2V" Head="0">
                  <Node Cat="vp" Id="35" Rule="V2VP" Head="0">
                    <Node Cat="verb" Id="36" morphId="460130110101" Unicode="ἐλογιζόμην" Lemma="λογίζομαι" Lang="G" StrongNumber="G30490" Morph="V,IIM1,,S," Mood="Indicative" Tense="Imperfect" Voice="Middle" Person="First" Number="Singular" English="I reasoned">ἐλογιζόμην</Node>
                  </Node>
                </Node>
                <Node Cat="ADV" Id="37" Rule="pp2ADV" Head="0">
                  <Node Cat="pp" Id="38" Rule="PrepNp" Head="1">
                    <Node Cat="prep" Id="39" Rule="Conj2Prep" Head="0">
                      <Node Cat="conj" Id="40" morphId="460130110111" Unicode="ὡς" Lemma="ὡς" Lang="G" StrongNumber="G56130" Morph="CS,,,,,,,," Type="Subordinating" English="like">ὡς</Node>
                    </Node>
                    <Node Cat="np" Id="41" Rule="N2NP" Head="0">
                      <Node Cat="noun" Id="42" morphId="460130110121" Unicode="νήπιος;" Lemma="νήπιος" Lang="G" StrongNumber="G35160" Morph="NS,,,,NMS," Type="Substantive_Adj" Case="Nominative" Gender="Masculine" Number="Singular" English="a child">νήπιος;</Node>
                    </Node>
                  </Node>
                </Node>
              </Node>
            </Node>
          </Node>
          <Node Cat="CL" Id="43" Rule="ClCl2" Head="1">
            <Node Cat="CL" Id="44" Rule="sub-CL" Head="1">
              <Node Cat="conj" Id="45" morphId="460130110131" Unicode="ὅτε" Lemma="ὅτε" Lang="G" StrongNumber="G37530" Morph="CS,,,,,,,," Type="Subordinating" English="when">ὅτε</Node>
              <Node Cat="CL" Id="46" Rule="VC-P" Head="1">
                <Node Cat="VC" Id="47" Rule="vp2VC" Head="0">
                  <Node Cat="vp" Id="48" Rule="V2VP" Head="0">
                    <Node Cat="verb" Id="49" morphId="460130110141" Unicode="γέγονα" Lemma="γίνομαι" Lang="G" StrongNumber="G10960" Morph="V,IEA1,,S," Mood="Indicative" Tense="Perfect" Voice="Active" Person="First" Number="Singular" English="I became">γέγονα</Node>
                  </Node>
                </Node>
                <Node Cat="P" Id="50" Rule="Np2P" Head="0">
                  <Node Cat="np" Id="51" Rule="N2NP" Head="0">
                    <Node Cat="noun" Id="52" morphId="460130110151" Unicode="ἀνήρ," Lemma="ἀνήρ" Lang="G" StrongNumber="G04350" Morph="N,,,,,NMS," Case="Nominative" Gender="Masculine" Number="Singular" English="a man">ἀνήρ,</Node>
                  </Node>
                </Node>
              </Node>
            </Node>
            <Node Cat="CL" Id="53" Rule="V-O" Head="0">
              <Node Cat="V" Id="54" Rule="Vp2V" Head="0">
                <Node Cat="vp" Id="55" Rule="V2VP" Head="0">
                  <Node Cat="verb" Id="56" morphId="460130110161" Unicode="κατήργηκα" Lemma="καταργέω" Lang="G" StrongNumber="G26730" Morph="V,IEA1,,S," Mood="Indicative" Tense="Perfect" Voice="Active" Person="First" Number="Singular" English="I put an end to">κατήργηκα</Node>
                </Node>
              </Node>
              <Node Cat="O" Id="57" Rule="Np2O" Head="0">
                <Node Cat="np" Id="58" Rule="NPofNP" Head="0">
                  <Node Cat="np" Id="59" Rule="Pron2NP" Head="0">
                    <Node Cat="pron" Id="60" morphId="460130110171" Unicode="τὰ" Lemma="ὁ" Lang="G" StrongNumber="G35880" Morph="RD,,,,ANP," Type="Demonstrative" Case="Accusative" Gender="Neuter" Number="Plural" English="ways">τὰ</Node>
                  </Node>
                  <Node Cat="np" Id="61" Rule="DetNP" Head="1">
                    <Node Cat="det" Id="62" morphId="460130110181" Unicode="τοῦ" Lemma="ὁ" Lang="G" StrongNumber="G35880" Morph="EA,,,,GMS," Type="Article" Case="Genitive" Gender="Masculine" Number="Singular" English="of the">τοῦ</Node>
                    <Node Cat="np" Id="63" Rule="N2NP" Head="0">
                      <Node Cat="noun" Id="64" morphId="460130110191" Unicode="νηπίου." Lemma="νήπιος" Lang="G" StrongNumber="G35160" Morph="NS,,,,GMS," Type="Substantive_Adj" Case="Genitive" Gender="Masculine" Number="Singular" English="childish">νηπίου.</Node>
                    </Node>
                  </Node>
                </Node>
              </Node>
            </Node>
          </Node>
        </Node>
      </Tree>
    </Trees>
  </Sentence>
  <Sentence ID="46013012">
    <Trees>
      <Tree>
        <Node Cat="Verse" Id="1" Head="0">
          <Node Cat="CL" Id="2" Rule="Conj-CL" Head="1">
            <Node Cat="conj" Id="3" morphId="460130120021" Unicode="γὰρ" Lemma="γάρ" Lang="G" StrongNumber="G10630" Morph="CC,,,,,,,," Type="Coordinating" English="for">γὰρ</Node>
            <Node Cat="CL" Id="4" Rule="CLaCL" Head="0">
              <Node Cat="CL" Id="5" Rule="V-ADV-ADV-ADV" Head="0">
                <Node Cat="V" Id="6" Rule="Vp2V" Head="0">
                  <Node Cat="vp" Id="7" Rule="V2VP" Head="0">
                    <Node Cat="verb" Id="8" morphId="460130120011" Unicode="βλέπομεν" Lemma="βλέπω" Lang="G" StrongNumber="G09910" Morph="V,IPA1,,P," Mood="Indicative" Tense="Present" Voice="Active" Person="First" Number="Plural" English="we see">βλέπομεν</Node>
                  </Node>
                </Node>
                <Node Cat="ADV" Id="9" Rule="Advp2ADV" Head="0">
                  <Node Cat="advp" Id="10" Rule="Adv2Advp" Head="0">
                    <Node Cat="adv" Id="11" morphId="460130120031" Unicode="ἄρτι" Lemma="ἄρτι" Lang="G" StrongNumber="G07370" Morph="D,,,,,,,,," English="now">ἄρτι</Node>
                  </Node>
                </Node>
                <Node Cat="ADV" Id="12" Rule="pp2ADV" Head="0">
                  <Node Cat="pp" Id="13" Rule="PrepNp" Head="1">
                    <Node Cat="prep" Id="14" morphId="460130120041" Unicode="δι’" Lemma="διά" Lang="G" StrongNumber="G12230" Morph="P,,,,,G,,," Case="Genitive" English="in">δι’</Node>
                    <Node Cat="np" Id="15" Rule="N2NP" Head="0">
                      <Node Cat="noun" Id="16" morphId="460130120051" Unicode="ἐσόπτρου" Lemma="ἔσοπτρον" Lang="G" StrongNumber="G20720" Morph="N,,,,,GNS," Case="Genitive" Gender="Neuter" Number="Singular" English="a mirror">ἐσόπτρου</Node>
                    </Node>
                  </Node>
                </Node>
                <Node Cat="ADV" Id="17" Rule="pp2ADV" Head="0">
                  <Node Cat="pp" Id="18" Rule="PrepNp" Head="1">
                    <Node Cat="prep" Id="19" morphId="460130120061" Unicode="ἐν" Lemma="ἐν" Lang="G" StrongNumber="G17220" Morph="P,,,,,D,,," Case="Dative" English="indistinctly">ἐν</Node>
                    <Node Cat="np" Id="20" Rule="N2NP" Head="0">
                      <Node Cat="noun" Id="21" morphId="460130120071" Unicode="αἰνίγματι," Lemma="αἴνιγμα" Lang="G" StrongNumber="G01350" Morph="N,,,,,DNS," Case="Dative" Gender="Neuter" Number="Singular" English="a reflection">αἰνίγματι,</Node>
                    </Node>
                  </Node>
                </Node>
              </Node>
              <Node Cat="conj" Id="22" morphId="460130120091" Unicode="δὲ" Lemma="δέ" Lang="G" StrongNumber="G11610" Morph="CC,,,,,,,," Type="Coordinating" English="but">δὲ</Node>
              <Node Cat="CL" Id="23" Rule="ADV-O-ADV" Head="1">
                <Node Cat="ADV" Id="24" Rule="Advp2ADV" Head="0">
                  <Node Cat="advp" Id="25" Rule="Adv2Advp" Head="0">
                    <Node Cat="adv" Id="26" morphId="460130120081" Unicode="τότε" Lemma="τότε" Lang="G" StrongNumber="G51190" Morph="D,,,,,,,,," English="then">τότε</Node>
                  </Node>
                </Node>
                <Node Cat="O" Id="27" Rule="Np2O" Head="0">
                  <Node Cat="np" Id="28" Rule="N2NP" Head="0">
                    <Node Cat="noun" Id="29" morphId="460130120101" Unicode="πρόσωπον" Lemma="πρόσωπον" Lang="G" StrongNumber="G43830" Morph="N,,,,,ANS," Case="Accusative" Gender="Neuter" Number="Singular" English="face">πρόσωπον</Node>
                  </Node>
                </Node>
                <Node Cat="ADV" Id="30" Rule="pp2ADV" Head="0">
                  <Node Cat="pp" Id="31" Rule="PrepNp" Head="1">
                    <Node Cat="prep" Id="32" morphId="460130120111" Unicode="πρὸς" Lemma="πρός" Lang="G" StrongNumber="G43140" Morph="P,,,,,A,,," Case="Accusative" English="to">πρὸς</Node>
                    <Node Cat="np" Id="33" Rule="N2NP" Head="0">
                      <Node Cat="noun" Id="34" morphId="460130120121" Unicode="πρόσωπον;" Lemma="πρόσωπον" Lang="G" StrongNumber="G43830" Morph="N,,,,,ANS," Case="Accusative" Gender="Neuter" Number="Singular" English="face">πρόσωπον;</Node>
                    </Node>
                  </Node>
                </Node>
              </Node>
            </Node>
          </Node>
          <Node Cat="CL" Id="35" Rule="CLaCL" Head="0">
            <Node Cat="CL" Id="36" Rule="ADV-V-ADV" Head="1">
              <Node Cat="ADV" Id="37" Rule="Advp2ADV" Head="0">
                <Node Cat="advp" Id="38" Rule="Adv2Advp" Head="0">
                  <Node Cat="adv" Id="39" morphId="460130120131" Unicode="ἄρτι" Lemma="ἄρτι" Lang="G" StrongNumber="G07370" Morph="D,,,,,,,,," English="now">ἄρτι</Node>
                </Node>
              </Node>
              <Node Cat="V" Id="40" Rule="Vp2V" Head="0">
                <Node Cat="vp" Id="41" Rule="V2VP" Head="0">
                  <Node Cat="verb" Id="42" morphId="460130120141" Unicode="γινώσκω" Lemma="γινώσκω" Lang="G" StrongNumber="G10970" Morph="V,IPA1,,S," Mood="Indicative" Tense="Present" Voice="Active" Person="First" Number="Singular" English="I know">γινώσκω</Node>
                </Node>
              </Node>
              <Node Cat="ADV" Id="43" Rule="pp2ADV" Head="0">
                <Node Cat="pp" Id="44" Rule="PrepNp" Head="1">
                  <Node Cat="prep" Id="45" morphId="460130120151" Unicode="ἐκ" Lemma="ἐκ" Lang="G" StrongNumber="G15370" Morph="P,,,,,G,,," Case="Genitive" English="in">ἐκ</Node>
                  <Node Cat="np" Id="46" Rule="N2NP" Head="0">
                    <Node Cat="noun" Id="47" morphId="460130120161" Unicode="μέρους;" Lemma="μέρος" Lang="G" StrongNumber="G33130" Morph="N,,,,,GNS," Case="Genitive" Gender="Neuter" Number="Singular" English="part">μέρους;</Node>
                  </Node>
                </Node>
              </Node>
            </Node>
            <Node Cat="conj" Id="48" morphId="460130120181" Unicode="δὲ" Lemma="δέ" Lang="G" StrongNumber="G11610" Morph="CC,,,,,,,," Type="Coordinating" English="but">δὲ</Node>
            <Node Cat="CL" Id="49" Rule="ClCl" Head="0">
              <Node Cat="CL" Id="50" Rule="ADV-V" Head="1">
                <Node Cat="ADV" Id="51" Rule="Advp2ADV" Head="0">
                  <Node Cat="advp" Id="52" Rule="Adv2Advp" Head="0">
                    <Node Cat="adv" Id="53" morphId="460130120171" Unicode="τότε" Lemma="τότε" Lang="G" StrongNumber="G51190" Morph="D,,,,,,,,," English="then">τότε</Node>
                  </Node>
                </Node>
                <Node Cat="V" Id="54" Rule="Vp2V" Head="0">
                  <Node Cat="vp" Id="55" Rule="V2VP" Head="0">
                    <Node Cat="verb" Id="56" morphId="460130120191" Unicode="ἐπιγνώσομαι," Lemma="ἐπιγινώσκω" Lang="G" StrongNumber="G19210" Morph="V,IFM1,,S," Mood="Indicative" Tense="Future" Voice="Middle" Person="First" Number="Singular" English="I will know fully">ἐπιγνώσομαι,</Node>
                  </Node>
                </Node>
              </Node>
              <Node Cat="CL" Id="57" Rule="sub-CL" Head="1">
                <Node Cat="conj" Id="58" Rule="Adv2Conj" Head="0">
                  <Node Cat="adv" Id="59" morphId="460130120201" Unicode="καθὼς" Lemma="καθώς" Lang="G" StrongNumber="G25310" Morph="D,,,,,,,,," English="as">καθὼς</Node>
                </Node>
                <Node Cat="CL" Id="60" Rule="ADV-V" Head="1">
                  <Node Cat="ADV" Id="61" Rule="Advp2ADV" Head="0">
                    <Node Cat="advp" Id="62" Rule="Adv2Advp" Head="0">
                      <Node Cat="adv" Id="63" morphId="460130120211" Unicode="καὶ" Lemma="καί" Lang="G" StrongNumber="G25320" Morph="D,,,,,,,,," English="also">καὶ</Node>
                    </Node>
                  </Node>
                  <Node Cat="V" Id="64" Rule="Vp2V" Head="0">
                    <Node Cat="vp" Id="65" Rule="V2VP" Head="0">
                      <Node Cat="verb" Id="66" morphId="460130120221" Unicode="ἐπεγνώσθην." Lemma="ἐπιγινώσκω" Lang="G" StrongNumber="G19210" Morph="V,IAP1,,S," Mood="Indicative" Tense="Aorist" Voice="Passive" Person="First" Number="Singular" English="I am fully known">ἐπεγνώσθην.</Node>
                    </Node>
                  </Node>
                </Node>
              </Node>
            </Node>
          </Node>
        </Node>
      </Tree>
    </Trees>
  </Sentence>
  <Sentence ID="46013013">
    <Trees>
      <Tree>
        <Node Cat="Verse" Id="1" Head="0">
          <Node Cat="CL" Id="2" Rule="Conj-CL" Head="1">
            <Node Cat="conj" Id="3" morphId="460130130021" Unicode="δὲ" Lemma="δέ" Lang="G" StrongNumber="G11610" Morph="CC,,,,,,,," Type="Coordinating" English="and">δὲ</Node>
            <Node Cat="CL" Id="4" Rule="CLaCL" Head="0">
              <Node Cat="CL" Id="5" Rule="ADV-V-S" Head="1">
                <Node Cat="ADV" Id="6" Rule="Advp2ADV" Head="0">
                  <Node Cat="advp" Id="7" Rule="Adv2Advp" Head="0">
                    <Node Cat="adv" Id="8" morphId="460130130011" Unicode="νυνὶ" Lemma="νυνί" Lang="G" StrongNumber="G35680" Morph="D,,,,,,,,," English="now">νυνὶ</Node>
                  </Node>
                </Node>
                <Node Cat="V" Id="9" Rule="Vp2V" Head="0">
                  <Node Cat="vp" Id="10" Rule="V2VP" Head="0">
                    <Node Cat="verb" Id="11" morphId="460130130031" Unicode="μένει" Lemma="μένω" Lang="G" StrongNumber="G33060" Morph="V,IPA3,,S," Mood="Indicative" Tense="Present" Voice="Active" Person="Third" Number="Singular" English="abide">μένει</Node>
                  </Node>
                </Node>
                <Node Cat="S" Id="12" Rule="Np2S" Head="0">
                  <Node Cat="np" Id="13" Rule="Np-Appos" Head="0">
                    <Node Cat="np" Id="14" Rule="NpNpNp" Head="0">
                      <Node Cat="np" Id="15" Rule="N2NP" Head="0">
                        <Node Cat="noun" Id="16" morphId="460130130041" Unicode="πίστις," Lemma="πίστις" Lang="G" StrongNumber="G41020" Morph="N,,,,,NFS," Case="Nominative" Gender="Feminine" Number="Singular" English="faith">πίστις,</Node>
                      </Node>
                      <Node Cat="np" Id="17" Rule="N2NP" Head="0">
                        <Node Cat="noun" Id="18" morphId="460130130051" Unicode="ἐλπίς," Lemma="ἐλπίς" Lang="G" StrongNumber="G16800" Morph="N,,,,,NFS," Case="Nominative" Gender="Feminine" Number="Singular" English="hope">ἐλπίς,</Node>
                      </Node>
                      <Node Cat="np" Id="19" Rule="N2NP" Head="0">
                        <Node Cat="noun" Id="20" morphId="460130130061" Unicode="ἀγάπη," Lemma="ἀγάπη" Lang="G" StrongNumber="G00260" Morph="N,,,,,NFS," Case="Nominative" Gender="Feminine" Number="Singular" English="love">ἀγάπη,</Node>
                      </Node>
                    </Node>
                    <Node Cat="np" Id="21" Rule="NP-Demo" Head="0">
                      <Node Cat="np" Id="22" Rule="DetNP" Head="1">
                        <Node Cat="det" Id="23" morphId="460130130071" Unicode="τὰ" Lemma="ὁ" Lang="G" StrongNumber="G35880" Morph="EA,,,,NNP," Type="Article" Case="Nominative" Gender="Neuter" Number="Plural">τὰ</Node>
                        <Node Cat="np" Id="24" Rule="N2NP" Head="0">
                          <Node Cat="noun" Id="25" morphId="460130130081" Unicode="τρία" Lemma="τρεῖς" Lang="G" StrongNumber="G51400" Morph="NS,,,,NNP," Type="Substantive_Adj" Case="Nominative" Gender="Neuter" Number="Plural" English="three">τρία</Node>
                        </Node>
                      </Node>
                      <Node Cat="np" Id="26" Rule="Det2NP" Head="0">
                        <Node Cat="det" Id="27" morphId="460130130091" Unicode="ταῦτα;" Lemma="οὗτος" Lang="G" StrongNumber="G37780" Morph="ED,,,,NNP," Type="Demonstrative" Case="Nominative" Gender="Neuter" Number="Plural" English="these">ταῦτα;</Node>
                      </Node>
                    </Node>
                  </Node>
                </Node>
              </Node>
              <Node Cat="conj" Id="28" morphId="460130130111" Unicode="δὲ" Lemma="δέ" Lang="G" StrongNumber="G11610" Morph="CC,,,,,,,," Type="Coordinating" English="but">δὲ</Node>
              <Node Cat="CL" Id="29" Rule="P-ADV-S" Head="0">
                <Node Cat="P" Id="30" Rule="Np2P" Head="0">
                  <Node Cat="np" Id="31" Rule="N2NP" Head="0">
                    <Node Cat="noun" Id="32" morphId="460130130101" Unicode="μείζων" Lemma="μείζων" Lang="G" StrongNumber="G31870" Morph="NP,,,,NFSC" Type="Predicate_Adj" Case="Nominative" Gender="Feminine" Number="Singular" English="greatest">μείζων</Node>
                  </Node>
                </Node>
                <Node Cat="ADV" Id="33" Rule="Np2ADV" Head="0">
                  <Node Cat="np" Id="34" Rule="Pron2NP" Head="0">
                    <Node Cat="pron" Id="35" morphId="460130130121" Unicode="τούτων" Lemma="οὗτος" Lang="G" StrongNumber="G37780" Morph="RD,,,,GNP," Type="Demonstrative" Case="Genitive" Gender="Neuter" Number="Plural" English="of these">τούτων</Node>
                  </Node>
                </Node>
                <Node Cat="S" Id="36" Rule="Np2S" Head="0">
                  <Node Cat="np" Id="37" Rule="DetNP" Head="1">
                    <Node Cat="det" Id="38" morphId="460130130131" Unicode="ἡ" Lemma="ὁ" Lang="G" StrongNumber="G35880" Morph="EA,,,,NFS," Type="Article" Case="Nominative" Gender="Feminine" Number="Singular">ἡ</Node>
                    <Node Cat="np" Id="39" Rule="N2NP" Head="0">
                      <Node Cat="noun" Id="40" morphId="460130130141" Unicode="ἀγάπη." Lemma="ἀγάπη" Lang="G" StrongNumber="G00260" Morph="N,,,,,NFS," Case="Nominative" Gender="Feminine" Number="Singular" English="love">ἀγάπη.</Node>
                    </Node>
                  </Node>
                </Node>
              </Node>
            </Node>
          </Node>
        </Node>
      </Tree>
    </Trees>
  </Sentence>
</Sentences>
