﻿<?xml version="1.0" encoding ="utf-8"?>
<!-- Automatically created at 9/15/2022 10:20:01 AM by CreateTreesUGNT - © 2022 Cherith Analytics® -->
<Sentences>
  <Sentence ID="60005001">
    <Trees>
      <Tree>
        <Node Cat="Verse" Id="1" Head="0">
          <Node Cat="CL" Id="2" Rule="Conj-CL" Head="1">
            <Node Cat="conj" Id="3" morphId="600050010021" Unicode="οὖν" Lemma="οὖν" Lang="G" StrongNumber="G37670" Morph="CC,,,,,,,," Type="Coordinating" English="Therefore">οὖν</Node>
            <Node Cat="CL" Id="4" Rule="O-V-S" Head="1">
              <Node Cat="O" Id="5" Rule="Np2O" Head="0">
                <Node Cat="np" Id="6" Rule="NpPp" Head="0">
                  <Node Cat="np" Id="7" Rule="N2NP" Head="0">
                    <Node Cat="noun" Id="8" morphId="600050010011" Unicode="πρεσβυτέρους" Lemma="πρεσβύτερος" Lang="G" StrongNumber="G42450" Morph="NS,,,,AMPC" Type="Substantive_Adj" Case="Accusative" Gender="Masculine" Number="Plural" English="elders">πρεσβυτέρους</Node>
                  </Node>
                  <Node Cat="pp" Id="9" Rule="PrepNp" Head="1">
                    <Node Cat="prep" Id="10" morphId="600050010031" Unicode="ἐν" Lemma="ἐν" Lang="G" StrongNumber="G17220" Morph="P,,,,,D,,," Case="Dative" English="among">ἐν</Node>
                    <Node Cat="np" Id="11" Rule="Pron2NP" Head="0">
                      <Node Cat="pron" Id="12" morphId="600050010041" Unicode="ὑμῖν" Lemma="σύ" Lang="G" StrongNumber="G47710" Morph="RP,,,2D,P," Type="Personal" Person="Second" Case="Dative" Number="Plural" English="you">ὑμῖν</Node>
                    </Node>
                  </Node>
                </Node>
              </Node>
              <Node Cat="V" Id="13" Rule="Vp2V" Head="0">
                <Node Cat="vp" Id="14" Rule="V2VP" Head="0">
                  <Node Cat="verb" Id="15" morphId="600050010051" Unicode="παρακαλῶ," Lemma="παρακαλέω" Lang="G" StrongNumber="G38700" Morph="V,IPA1,,S," Mood="Indicative" Tense="Present" Voice="Active" Person="First" Number="Singular" English="I exhort">παρακαλῶ,</Node>
                </Node>
              </Node>
              <Node Cat="S" Id="16" Rule="Np2S" Head="0">
                <Node Cat="np" Id="17" Rule="NpaNp" Head="0">
                  <Node Cat="np" Id="18" Rule="DetNP" Head="1">
                    <Node Cat="det" Id="19" morphId="600050010061" Unicode="ὁ" Lemma="ὁ" Lang="G" StrongNumber="G35880" Morph="EA,,,,NMS," Type="Article" Case="Nominative" Gender="Masculine" Number="Singular" English="the">ὁ</Node>
                    <Node Cat="np" Id="20" Rule="NpaNp" Head="0">
                      <Node Cat="np" Id="21" Rule="N2NP" Head="0">
                        <Node Cat="noun" Id="22" morphId="600050010071" Unicode="συνπρεσβύτερος" Lemma="συνπρεσβύτερος" Lang="G" StrongNumber="G48500" Morph="N,,,,,NMS," Case="Nominative" Gender="Masculine" Number="Singular" English="fellow elder">συνπρεσβύτερος</Node>
                      </Node>
                      <Node Cat="conj" Id="23" morphId="600050010081" Unicode="καὶ" Lemma="καί" Lang="G" StrongNumber="G25320" Morph="CC,,,,,,,," Type="Coordinating" English="and">καὶ</Node>
                      <Node Cat="np" Id="24" Rule="NPofNP" Head="0">
                        <Node Cat="np" Id="25" Rule="N2NP" Head="0">
                          <Node Cat="noun" Id="26" morphId="600050010091" Unicode="μάρτυς" Lemma="μάρτυς" Lang="G" StrongNumber="G31440" Morph="N,,,,,NMS," Case="Nominative" Gender="Masculine" Number="Singular" English="a witness">μάρτυς</Node>
                        </Node>
                        <Node Cat="np" Id="27" Rule="DetNP" Head="1">
                          <Node Cat="det" Id="28" morphId="600050010101" Unicode="τῶν" Lemma="ὁ" Lang="G" StrongNumber="G35880" Morph="EA,,,,GNP," Type="Article" Case="Genitive" Gender="Neuter" Number="Plural" English="the">τῶν</Node>
                          <Node Cat="np" Id="29" Rule="ofNPNP" Head="1">
                            <Node Cat="np" Id="30" Rule="DetNP" Head="1">
                              <Node Cat="det" Id="31" morphId="600050010111" Unicode="τοῦ" Lemma="ὁ" Lang="G" StrongNumber="G35880" Morph="EA,,,,GMS," Type="Article" Case="Genitive" Gender="Masculine" Number="Singular">τοῦ</Node>
                              <Node Cat="np" Id="32" Rule="N2NP" Head="0">
                                <Node Cat="noun" Id="33" morphId="600050010121" Unicode="Χριστοῦ" Lemma="χριστός" Lang="G" StrongNumber="G55470" Morph="N,,,,,GMS," Case="Genitive" Gender="Masculine" Number="Singular" English="of Christ">Χριστοῦ</Node>
                              </Node>
                            </Node>
                            <Node Cat="np" Id="34" Rule="N2NP" Head="0">
                              <Node Cat="noun" Id="35" morphId="600050010131" Unicode="παθημάτων," Lemma="πάθημα" Lang="G" StrongNumber="G38040" Morph="N,,,,,GNP," Case="Genitive" Gender="Neuter" Number="Plural" English="of ~ sufferings">παθημάτων,</Node>
                            </Node>
                          </Node>
                        </Node>
                      </Node>
                    </Node>
                  </Node>
                  <Node Cat="conj" Id="36" Rule="Adv2Conj" Head="0">
                    <Node Cat="adv" Id="37" morphId="600050010151" Unicode="καὶ" Lemma="καί" Lang="G" StrongNumber="G25320" Morph="D,,,,,,,,," English="also">καὶ</Node>
                  </Node>
                  <Node Cat="np" Id="38" Rule="DetNP" Head="1">
                    <Node Cat="det" Id="39" morphId="600050010141" Unicode="ὁ" Lemma="ὁ" Lang="G" StrongNumber="G35880" Morph="EA,,,,NMS," Type="Article" Case="Nominative" Gender="Masculine" Number="Singular" English="the">ὁ</Node>
                    <Node Cat="np" Id="40" Rule="ofNPNP" Head="1">
                      <Node Cat="np" Id="41" Rule="DetNP" Head="1">
                        <Node Cat="det" Id="42" morphId="600050010161" Unicode="τῆς" Lemma="ὁ" Lang="G" StrongNumber="G35880" Morph="EA,,,,GFS," Type="Article" Case="Genitive" Gender="Feminine" Number="Singular" English="the">τῆς</Node>
                        <Node Cat="np" Id="43" Rule="AdjpNp" Head="1">
                          <Node Cat="adjp" Id="44" Rule="CL2Adjp" Head="0">
                            <Node Cat="CL" Id="45" Rule="V-O" Head="0">
                              <Node Cat="V" Id="46" Rule="Vp2V" Head="0">
                                <Node Cat="vp" Id="47" Rule="V2VP" Head="0">
                                  <Node Cat="verb" Id="48" morphId="600050010171" Unicode="μελλούσης" Lemma="μέλλω" Lang="G" StrongNumber="G31950" Morph="V,PPA,GFS," Mood="Participle" Tense="Present" Voice="Active" Case="Genitive" Gender="Feminine" Number="Singular" English="is going to">μελλούσης</Node>
                                </Node>
                              </Node>
                              <Node Cat="O" Id="49" Rule="CL2Ox" Head="0">
                                <Node Cat="CL" Id="50" Rule="V2CL" Head="0">
                                  <Node Cat="V" Id="51" Rule="Vp2V" Head="0">
                                    <Node Cat="vp" Id="52" Rule="V2VP" Head="0">
                                      <Node Cat="verb" Id="53" morphId="600050010181" Unicode="ἀποκαλύπτεσθαι" Lemma="ἀποκαλύπτω" Lang="G" StrongNumber="G06010" Morph="V,NPP,,,,," Mood="Infinitive" Tense="Present" Voice="Passive" English="be revealed">ἀποκαλύπτεσθαι</Node>
                                    </Node>
                                  </Node>
                                </Node>
                              </Node>
                            </Node>
                          </Node>
                          <Node Cat="np" Id="54" Rule="N2NP" Head="0">
                            <Node Cat="noun" Id="55" morphId="600050010191" Unicode="δόξης" Lemma="δόξα" Lang="G" StrongNumber="G13910" Morph="N,,,,,GFS," Case="Genitive" Gender="Feminine" Number="Singular" English="in ~ glory">δόξης</Node>
                          </Node>
                        </Node>
                      </Node>
                      <Node Cat="np" Id="56" Rule="N2NP" Head="0">
                        <Node Cat="noun" Id="57" morphId="600050010201" Unicode="κοινωνός," Lemma="κοινωνός" Lang="G" StrongNumber="G28440" Morph="N,,,,,NMS," Case="Nominative" Gender="Masculine" Number="Singular" English="a partaker">κοινωνός,</Node>
                      </Node>
                    </Node>
                  </Node>
                </Node>
              </Node>
            </Node>
          </Node>
        </Node>
      </Tree>
    </Trees>
  </Sentence>
  <Sentence ID="60005002">
    <Trees>
      <Tree>
        <Node Cat="Verse" Id="1" Head="0">
          <Node Cat="CL" Id="2" Rule="V-O-ADV" Head="0">
            <Node Cat="V" Id="3" Rule="Vp2V" Head="0">
              <Node Cat="vp" Id="4" Rule="V2VP" Head="0">
                <Node Cat="verb" Id="5" morphId="600050020011" Unicode="ποιμάνατε" Lemma="ποιμαίνω" Lang="G" StrongNumber="G41650" Morph="V,MAA2,,P," Mood="Imperative" Tense="Aorist" Voice="Active" Person="Second" Number="Plural" English="shepherd">ποιμάνατε</Node>
              </Node>
            </Node>
            <Node Cat="O" Id="6" Rule="Np2O" Head="0">
              <Node Cat="np" Id="7" Rule="DetNP" Head="1">
                <Node Cat="det" Id="8" morphId="600050020021" Unicode="τὸ" Lemma="ὁ" Lang="G" StrongNumber="G35880" Morph="EA,,,,ANS," Type="Article" Case="Accusative" Gender="Neuter" Number="Singular" English="the">τὸ</Node>
                <Node Cat="np" Id="9" Rule="PpNp2Np" Head="1">
                  <Node Cat="pp" Id="10" Rule="PrepNp" Head="1">
                    <Node Cat="prep" Id="11" morphId="600050020031" Unicode="ἐν" Lemma="ἐν" Lang="G" StrongNumber="G17220" Morph="P,,,,,D,,," Case="Dative" English="among">ἐν</Node>
                    <Node Cat="np" Id="12" Rule="Pron2NP" Head="0">
                      <Node Cat="pron" Id="13" morphId="600050020041" Unicode="ὑμῖν" Lemma="σύ" Lang="G" StrongNumber="G47710" Morph="RP,,,2D,P," Type="Personal" Person="Second" Case="Dative" Number="Plural" English="you">ὑμῖν</Node>
                    </Node>
                  </Node>
                  <Node Cat="np" Id="14" Rule="NPofNP" Head="0">
                    <Node Cat="np" Id="15" Rule="N2NP" Head="0">
                      <Node Cat="noun" Id="16" morphId="600050020051" Unicode="ποίμνιον" Lemma="ποίμνιον" Lang="G" StrongNumber="G41680" Morph="N,,,,,ANS," Case="Accusative" Gender="Neuter" Number="Singular" English="flock">ποίμνιον</Node>
                    </Node>
                    <Node Cat="np" Id="17" Rule="DetNP" Head="1">
                      <Node Cat="det" Id="18" morphId="600050020061" Unicode="τοῦ" Lemma="ὁ" Lang="G" StrongNumber="G35880" Morph="EA,,,,GMS," Type="Article" Case="Genitive" Gender="Masculine" Number="Singular">τοῦ</Node>
                      <Node Cat="np" Id="19" Rule="N2NP" Head="0">
                        <Node Cat="noun" Id="20" morphId="600050020071" Unicode="Θεοῦ," Lemma="θεός" Lang="G" StrongNumber="G23160" Morph="N,,,,,GMS," Case="Genitive" Gender="Masculine" Number="Singular" English="of God">Θεοῦ,</Node>
                      </Node>
                    </Node>
                  </Node>
                </Node>
              </Node>
            </Node>
            <Node Cat="ADV" Id="21" Rule="CL2ADV" Head="0">
              <Node Cat="CL" Id="22" Rule="V-ADV-ADV-ADV" Head="0">
                <Node Cat="V" Id="23" Rule="Vp2V" Head="0">
                  <Node Cat="vp" Id="24" Rule="V2VP" Head="0">
                    <Node Cat="verb" Id="25" morphId="600050020081" Unicode="ἐπισκοποῦντες" Lemma="ἐπισκοπέω" Lang="G" StrongNumber="G19830" Morph="V,PPA,NMP," Mood="Participle" Tense="Present" Voice="Active" Case="Nominative" Gender="Masculine" Number="Plural" English="exercising oversight">ἐπισκοποῦντες</Node>
                  </Node>
                </Node>
                <Node Cat="ADV" Id="26" Rule="notADVbutADV" Head="3">
                  <Node Cat="advp" Id="27" Rule="Adv2Advp" Head="0">
                    <Node Cat="adv" Id="28" morphId="600050020091" Unicode="μὴ" Lemma="μή" Lang="G" StrongNumber="G33610" Morph="DO,,,,,,,," Type="Correlative" English="not">μὴ</Node>
                  </Node>
                  <Node Cat="ADV" Id="29" Rule="Advp2ADV" Head="0">
                    <Node Cat="advp" Id="30" Rule="Adv2Advp" Head="0">
                      <Node Cat="adv" Id="31" morphId="600050020101" Unicode="ἀναγκαστῶς," Lemma="ἀναγκαστῶς" Lang="G" StrongNumber="G03170" Morph="D,,,,,,,,," English="under compulsion">ἀναγκαστῶς,</Node>
                    </Node>
                  </Node>
                  <Node Cat="conj" Id="32" morphId="600050020111" Unicode="ἀλλὰ" Lemma="ἀλλά" Lang="G" StrongNumber="G02350" Morph="CO,,,,,,,," Type="Correlative" English="but">ἀλλὰ</Node>
                  <Node Cat="ADV" Id="33" Rule="Advp2ADV" Head="0">
                    <Node Cat="advp" Id="34" Rule="Adv2Advp" Head="0">
                      <Node Cat="adv" Id="35" morphId="600050020121" Unicode="ἑκουσίως," Lemma="ἑκουσίως" Lang="G" StrongNumber="G15960" Morph="D,,,,,,,,," English="willingly">ἑκουσίως,</Node>
                    </Node>
                  </Node>
                </Node>
                <Node Cat="ADV" Id="36" Rule="pp2ADV" Head="0">
                  <Node Cat="pp" Id="37" Rule="PrepNp" Head="1">
                    <Node Cat="prep" Id="38" morphId="600050020131" Unicode="κατὰ" Lemma="κατά" Lang="G" StrongNumber="G25960" Morph="P,,,,,A,,," Case="Accusative" English="as">κατὰ</Node>
                    <Node Cat="np" Id="39" Rule="N2NP" Head="0">
                      <Node Cat="noun" Id="40" morphId="600050020141" Unicode="Θεόν;" Lemma="θεός" Lang="G" StrongNumber="G23160" Morph="N,,,,,AMS," Case="Accusative" Gender="Masculine" Number="Singular" English="God">Θεόν;</Node>
                    </Node>
                  </Node>
                </Node>
                <Node Cat="ADV" Id="41" Rule="notADVbutADV" Head="3">
                  <Node Cat="advp" Id="42" Rule="Adv2Advp" Head="0">
                    <Node Cat="adv" Id="43" morphId="600050020151" Unicode="μηδὲ" Lemma="μηδέ" Lang="G" StrongNumber="G33660" Morph="DO,,,,,,,," Type="Correlative" English="not">μηδὲ</Node>
                  </Node>
                  <Node Cat="ADV" Id="44" Rule="Advp2ADV" Head="0">
                    <Node Cat="advp" Id="45" Rule="Adv2Advp" Head="0">
                      <Node Cat="adv" Id="46" morphId="600050020161" Unicode="αἰσχροκερδῶς," Lemma="αἰσχροκερδῶς" Lang="G" StrongNumber="G01470" Morph="D,,,,,,,,," English="for sordid gain">αἰσχροκερδῶς,</Node>
                    </Node>
                  </Node>
                  <Node Cat="conj" Id="47" morphId="600050020171" Unicode="ἀλλὰ" Lemma="ἀλλά" Lang="G" StrongNumber="G02350" Morph="CO,,,,,,,," Type="Correlative" English="but">ἀλλὰ</Node>
                  <Node Cat="ADV" Id="48" Rule="Advp2ADV" Head="0">
                    <Node Cat="advp" Id="49" Rule="Adv2Advp" Head="0">
                      <Node Cat="adv" Id="50" morphId="600050020181" Unicode="προθύμως;" Lemma="προθύμως" Lang="G" StrongNumber="G42900" Morph="D,,,,,,,,," English="eagerly">προθύμως;</Node>
                    </Node>
                  </Node>
                </Node>
              </Node>
            </Node>
          </Node>
        </Node>
      </Tree>
    </Trees>
  </Sentence>
  <Sentence ID="60005003">
    <Trees>
      <Tree>
        <Node Cat="Verse" Id="1" Head="0">
          <Node Cat="CL" Id="2" Rule="notCLbutCL2CL" Head="3">
            <Node Cat="advp" Id="3" Rule="Adv2Advp" Head="0">
              <Node Cat="adv" Id="4" morphId="600050030011" Unicode="μηδ’" Lemma="μηδέ" Lang="G" StrongNumber="G33660" Morph="DO,,,,,,,," Type="Correlative" English="not">μηδ’</Node>
            </Node>
            <Node Cat="CL" Id="5" Rule="sub-CL" Head="1">
              <Node Cat="conj" Id="6" morphId="600050030021" Unicode="ὡς" Lemma="ὡς" Lang="G" StrongNumber="G56130" Morph="CS,,,,,,,," Type="Subordinating" English="as">ὡς</Node>
              <Node Cat="CL" Id="7" Rule="V-ADV" Head="0">
                <Node Cat="V" Id="8" Rule="Vp2V" Head="0">
                  <Node Cat="vp" Id="9" Rule="V2VP" Head="0">
                    <Node Cat="verb" Id="10" morphId="600050030031" Unicode="κατακυριεύοντες" Lemma="κατακυριεύω" Lang="G" StrongNumber="G26340" Morph="V,PPA,NMP," Mood="Participle" Tense="Present" Voice="Active" Case="Nominative" Gender="Masculine" Number="Plural" English="lording it over">κατακυριεύοντες</Node>
                  </Node>
                </Node>
                <Node Cat="ADV" Id="11" Rule="Np2ADV" Head="0">
                  <Node Cat="np" Id="12" Rule="DetNP" Head="1">
                    <Node Cat="det" Id="13" morphId="600050030041" Unicode="τῶν" Lemma="ὁ" Lang="G" StrongNumber="G35880" Morph="EA,,,,GMP," Type="Article" Case="Genitive" Gender="Masculine" Number="Plural" English="those">τῶν</Node>
                    <Node Cat="np" Id="14" Rule="N2NP" Head="0">
                      <Node Cat="noun" Id="15" morphId="600050030051" Unicode="κλήρων," Lemma="κλῆρος" Lang="G" StrongNumber="G28190" Morph="N,,,,,GMP," Case="Genitive" Gender="Masculine" Number="Plural" English="entrusted">κλήρων,</Node>
                    </Node>
                  </Node>
                </Node>
              </Node>
            </Node>
            <Node Cat="conj" Id="16" morphId="600050030061" Unicode="ἀλλὰ" Lemma="ἀλλά" Lang="G" StrongNumber="G02350" Morph="CO,,,,,,,," Type="Correlative" English="but">ἀλλὰ</Node>
            <Node Cat="CL" Id="17" Rule="VC-P" Head="1">
              <Node Cat="VC" Id="18" Rule="vp2VC" Head="0">
                <Node Cat="vp" Id="19" Rule="V2VP" Head="0">
                  <Node Cat="verb" Id="20" morphId="600050030081" Unicode="γινόμενοι" Lemma="γίνομαι" Lang="G" StrongNumber="G10960" Morph="V,PPM,NMP," Mood="Participle" Tense="Present" Voice="Middle" Case="Nominative" Gender="Masculine" Number="Plural" English="being">γινόμενοι</Node>
                </Node>
              </Node>
              <Node Cat="P" Id="21" Rule="Np2P" Head="0">
                <Node Cat="np" Id="22" Rule="NPofNP" Head="0">
                  <Node Cat="np" Id="23" Rule="N2NP" Head="0">
                    <Node Cat="noun" Id="24" morphId="600050030071" Unicode="τύποι" Lemma="τύπος" Lang="G" StrongNumber="G51790" Morph="N,,,,,NMP," Case="Nominative" Gender="Masculine" Number="Plural" English="examples">τύποι</Node>
                  </Node>
                  <Node Cat="np" Id="25" Rule="DetNP" Head="1">
                    <Node Cat="det" Id="26" morphId="600050030091" Unicode="τοῦ" Lemma="ὁ" Lang="G" StrongNumber="G35880" Morph="EA,,,,GNS," Type="Article" Case="Genitive" Gender="Neuter" Number="Singular" English="the">τοῦ</Node>
                    <Node Cat="np" Id="27" Rule="N2NP" Head="0">
                      <Node Cat="noun" Id="28" morphId="600050030101" Unicode="ποιμνίου." Lemma="ποίμνιον" Lang="G" StrongNumber="G41680" Morph="N,,,,,GNS," Case="Genitive" Gender="Neuter" Number="Singular" English="to ~ flock">ποιμνίου.</Node>
                    </Node>
                  </Node>
                </Node>
              </Node>
            </Node>
          </Node>
        </Node>
      </Tree>
    </Trees>
  </Sentence>
  <Sentence ID="60005004">
    <Trees>
      <Tree>
        <Node Cat="Verse" Id="1" Head="0">
          <Node Cat="CL" Id="2" Rule="Conj-CL" Head="1">
            <Node Cat="conj" Id="3" morphId="600050040011" Unicode="καὶ" Lemma="καί" Lang="G" StrongNumber="G25320" Morph="CC,,,,,,,," Type="Coordinating" English="and">καὶ</Node>
            <Node Cat="CL" Id="4" Rule="ClCl2" Head="1">
              <Node Cat="CL" Id="5" Rule="V-S" Head="0">
                <Node Cat="V" Id="6" Rule="Vp2V" Head="0">
                  <Node Cat="vp" Id="7" Rule="V2VP" Head="0">
                    <Node Cat="verb" Id="8" morphId="600050040021" Unicode="φανερωθέντος" Lemma="φανερόω" Lang="G" StrongNumber="G53190" Morph="V,PAP,GMS," Mood="Participle" Tense="Aorist" Voice="Passive" Case="Genitive" Gender="Masculine" Number="Singular" English="when ~ appears">φανερωθέντος</Node>
                  </Node>
                </Node>
                <Node Cat="S" Id="9" Rule="Np2S" Head="0">
                  <Node Cat="np" Id="10" Rule="DetNP" Head="1">
                    <Node Cat="det" Id="11" morphId="600050040031" Unicode="τοῦ" Lemma="ὁ" Lang="G" StrongNumber="G35880" Morph="EA,,,,GMS," Type="Article" Case="Genitive" Gender="Masculine" Number="Singular" English="the">τοῦ</Node>
                    <Node Cat="np" Id="12" Rule="N2NP" Head="0">
                      <Node Cat="noun" Id="13" morphId="600050040041" Unicode="ἀρχιποίμενος," Lemma="ἀρχιποίμην" Lang="G" StrongNumber="G07500" Morph="N,,,,,GMS," Case="Genitive" Gender="Masculine" Number="Singular" English="chief shepherd">ἀρχιποίμενος,</Node>
                    </Node>
                  </Node>
                </Node>
              </Node>
              <Node Cat="CL" Id="14" Rule="V-O" Head="0">
                <Node Cat="V" Id="15" Rule="Vp2V" Head="0">
                  <Node Cat="vp" Id="16" Rule="V2VP" Head="0">
                    <Node Cat="verb" Id="17" morphId="600050040051" Unicode="κομιεῖσθε" Lemma="κομίζω" Lang="G" StrongNumber="G28650" Morph="V,IFM2,,P," Mood="Indicative" Tense="Future" Voice="Middle" Person="Second" Number="Plural" English="you will receive">κομιεῖσθε</Node>
                  </Node>
                </Node>
                <Node Cat="O" Id="18" Rule="Np2O" Head="0">
                  <Node Cat="np" Id="19" Rule="DetNP" Head="1">
                    <Node Cat="det" Id="20" morphId="600050040061" Unicode="τὸν" Lemma="ὁ" Lang="G" StrongNumber="G35880" Morph="EA,,,,AMS," Type="Article" Case="Accusative" Gender="Masculine" Number="Singular" English="the">τὸν</Node>
                    <Node Cat="np" Id="21" Rule="Demo-NP" Head="1">
                      <Node Cat="np" Id="22" Rule="N2NP" Head="0">
                        <Node Cat="noun" Id="23" morphId="600050040071" Unicode="ἀμαράντινον" Lemma="ἀμαράντινος" Lang="G" StrongNumber="G02620" Morph="NS,,,,AMS," Type="Substantive_Adj" Case="Accusative" Gender="Masculine" Number="Singular" English="unfading">ἀμαράντινον</Node>
                      </Node>
                      <Node Cat="np" Id="24" Rule="ofNPNP" Head="1">
                        <Node Cat="np" Id="25" Rule="DetNP" Head="1">
                          <Node Cat="det" Id="26" morphId="600050040081" Unicode="τῆς" Lemma="ὁ" Lang="G" StrongNumber="G35880" Morph="EA,,,,GFS," Type="Article" Case="Genitive" Gender="Feminine" Number="Singular">τῆς</Node>
                          <Node Cat="np" Id="27" Rule="N2NP" Head="0">
                            <Node Cat="noun" Id="28" morphId="600050040091" Unicode="δόξης" Lemma="δόξα" Lang="G" StrongNumber="G13910" Morph="N,,,,,GFS," Case="Genitive" Gender="Feminine" Number="Singular" English="of glory">δόξης</Node>
                          </Node>
                        </Node>
                        <Node Cat="np" Id="29" Rule="N2NP" Head="0">
                          <Node Cat="noun" Id="30" morphId="600050040101" Unicode="στέφανον." Lemma="στέφανος" Lang="G" StrongNumber="G47350" Morph="N,,,,,AMS," Case="Accusative" Gender="Masculine" Number="Singular" English="crown">στέφανον.</Node>
                        </Node>
                      </Node>
                    </Node>
                  </Node>
                </Node>
              </Node>
            </Node>
          </Node>
        </Node>
      </Tree>
    </Trees>
  </Sentence>
  <Sentence ID="60005005">
    <Trees>
      <Tree>
        <Node Cat="Verse" Id="1" Head="0">
          <Node Cat="CL" Id="2" Rule="ClCl2" Head="1">
            <Node Cat="CL" Id="3" Rule="Np2CL" Head="0">
              <Node Cat="np" Id="4" Rule="N2NP" Head="0">
                <Node Cat="noun" Id="5" morphId="600050050021" Unicode="νεώτεροι," Lemma="νεώτερος" Lang="G" StrongNumber="G35125" Morph="NS,,,,VMPC" Type="Substantive_Adj" Case="Vocative" Gender="Masculine" Number="Plural" English="younger">νεώτεροι,</Node>
              </Node>
            </Node>
            <Node Cat="CL" Id="6" Rule="ADV-V-IO" Head="1">
              <Node Cat="ADV" Id="7" Rule="Advp2ADV" Head="0">
                <Node Cat="advp" Id="8" Rule="Adv2Advp" Head="0">
                  <Node Cat="adv" Id="9" morphId="600050050011" Unicode="ὁμοίως," Lemma="ὁμοίως" Lang="G" StrongNumber="G36680" Morph="D,,,,,,,,," English="in the same way">ὁμοίως,</Node>
                </Node>
              </Node>
              <Node Cat="V" Id="10" Rule="Vp2V" Head="0">
                <Node Cat="vp" Id="11" Rule="V2VP" Head="0">
                  <Node Cat="verb" Id="12" morphId="600050050031" Unicode="ὑποτάγητε" Lemma="ὑποτάσσω" Lang="G" StrongNumber="G52930" Morph="V,MAP2,,P," Mood="Imperative" Tense="Aorist" Voice="Passive" Person="Second" Number="Plural" English="be subject to">ὑποτάγητε</Node>
                </Node>
              </Node>
              <Node Cat="IO" Id="13" Rule="Np2IO" Head="0">
                <Node Cat="np" Id="14" Rule="N2NP" Head="0">
                  <Node Cat="noun" Id="15" morphId="600050050041" Unicode="πρεσβυτέροις." Lemma="πρεσβύτερος" Lang="G" StrongNumber="G42450" Morph="NS,,,,DMPC" Type="Substantive_Adj" Case="Dative" Gender="Masculine" Number="Plural" English="elders">πρεσβυτέροις.</Node>
                </Node>
              </Node>
            </Node>
          </Node>
          <Node Cat="CL" Id="16" Rule="Conj-CL" Head="1">
            <Node Cat="conj" Id="17" morphId="600050050061" Unicode="δὲ" Lemma="δέ" Lang="G" StrongNumber="G11610" Morph="CC,,,,,,,," Type="Coordinating" English="and">δὲ</Node>
            <Node Cat="CL" Id="18" Rule="ClCl" Head="0">
              <Node Cat="CL" Id="19" Rule="S-IO-O-V" Head="3">
                <Node Cat="S" Id="20" Rule="Np2S" Head="0">
                  <Node Cat="np" Id="21" Rule="Pron2NP" Head="0">
                    <Node Cat="pron" Id="22" morphId="600050050051" Unicode="πάντες," Lemma="πᾶς" Lang="G" StrongNumber="G39560" Morph="RI,,,,VMP," Type="Indefinite" Case="Vocative" Gender="Masculine" Number="Plural" English="all">πάντες,</Node>
                  </Node>
                </Node>
                <Node Cat="IO" Id="23" Rule="Np2IO" Head="0">
                  <Node Cat="np" Id="24" Rule="Pron2NP" Head="0">
                    <Node Cat="pron" Id="25" morphId="600050050071" Unicode="ἀλλήλοις" Lemma="ἀλλήλων" Lang="G" StrongNumber="G02400" Morph="RC,,,,DMP," Type="Reciprocal" Case="Dative" Gender="Masculine" Number="Plural" English="toward one another">ἀλλήλοις</Node>
                  </Node>
                </Node>
                <Node Cat="O" Id="26" Rule="Np2O" Head="0">
                  <Node Cat="np" Id="27" Rule="DetNP" Head="1">
                    <Node Cat="det" Id="28" morphId="600050050081" Unicode="τὴν" Lemma="ὁ" Lang="G" StrongNumber="G35880" Morph="EA,,,,AFS," Type="Article" Case="Accusative" Gender="Feminine" Number="Singular">τὴν</Node>
                    <Node Cat="np" Id="29" Rule="N2NP" Head="0">
                      <Node Cat="noun" Id="30" morphId="600050050091" Unicode="ταπεινοφροσύνην" Lemma="ταπεινοφροσύνη" Lang="G" StrongNumber="G50120" Morph="N,,,,,AFS," Case="Accusative" Gender="Feminine" Number="Singular" English="humility">ταπεινοφροσύνην</Node>
                    </Node>
                  </Node>
                </Node>
                <Node Cat="V" Id="31" Rule="Vp2V" Head="0">
                  <Node Cat="vp" Id="32" Rule="V2VP" Head="0">
                    <Node Cat="verb" Id="33" morphId="600050050101" Unicode="ἐγκομβώσασθε" Lemma="ἐγκομβόομαι" Lang="G" StrongNumber="G14630" Morph="V,MAM2,,P," Mood="Imperative" Tense="Aorist" Voice="Middle" Person="Second" Number="Plural" English="clothe yourselves">ἐγκομβώσασθε</Node>
                  </Node>
                </Node>
              </Node>
              <Node Cat="CL" Id="34" Rule="sub-CL" Head="1">
                <Node Cat="conj" Id="35" morphId="600050050111" Unicode="ὅτι," Lemma="ὅτι" Lang="G" StrongNumber="G37540" Morph="CS,,,,,,,," Type="Subordinating" English="for">ὅτι,</Node>
                <Node Cat="CL" Id="36" Rule="CLaCL" Head="0">
                  <Node Cat="CL" Id="37" Rule="S-O-V" Head="2">
                    <Node Cat="S" Id="38" Rule="Np2S" Head="0">
                      <Node Cat="np" Id="39" Rule="DetNP" Head="1">
                        <Node Cat="det" Id="40" morphId="600050050121" Unicode="ὁ" Lemma="ὁ" Lang="G" StrongNumber="G35880" Morph="EA,,,,NMS," Type="Article" Case="Nominative" Gender="Masculine" Number="Singular">ὁ</Node>
                        <Node Cat="np" Id="41" Rule="N2NP" Head="0">
                          <Node Cat="noun" Id="42" morphId="600050050131" Unicode="Θεὸς" Lemma="θεός" Lang="G" StrongNumber="G23160" Morph="N,,,,,NMS," Case="Nominative" Gender="Masculine" Number="Singular" English="God">Θεὸς</Node>
                        </Node>
                      </Node>
                    </Node>
                    <Node Cat="O" Id="43" Rule="Np2O" Head="0">
                      <Node Cat="np" Id="44" Rule="N2NP" Head="0">
                        <Node Cat="noun" Id="45" morphId="600050050141" Unicode="ὑπερηφάνοις" Lemma="ὑπερήφανος" Lang="G" StrongNumber="G52440" Morph="NS,,,,DMP," Type="Substantive_Adj" Case="Dative" Gender="Masculine" Number="Plural" English="proud">ὑπερηφάνοις</Node>
                      </Node>
                    </Node>
                    <Node Cat="V" Id="46" Rule="Vp2V" Head="0">
                      <Node Cat="vp" Id="47" Rule="V2VP" Head="0">
                        <Node Cat="verb" Id="48" morphId="600050050151" Unicode="ἀντιτάσσεται," Lemma="ἀντιτάσσω" Lang="G" StrongNumber="G04980" Morph="V,IPM3,,S," Mood="Indicative" Tense="Present" Voice="Middle" Person="Third" Number="Singular" English="opposes">ἀντιτάσσεται,</Node>
                      </Node>
                    </Node>
                  </Node>
                  <Node Cat="conj" Id="49" morphId="600050050171" Unicode="δὲ" Lemma="δέ" Lang="G" StrongNumber="G11610" Morph="CC,,,,,,,," Type="Coordinating" English="but">δὲ</Node>
                  <Node Cat="CL" Id="50" Rule="IO-V-O" Head="1">
                    <Node Cat="IO" Id="51" Rule="Np2IO" Head="0">
                      <Node Cat="np" Id="52" Rule="N2NP" Head="0">
                        <Node Cat="noun" Id="53" morphId="600050050161" Unicode="ταπεινοῖς" Lemma="ταπεινός" Lang="G" StrongNumber="G50110" Morph="NS,,,,DMP," Type="Substantive_Adj" Case="Dative" Gender="Masculine" Number="Plural" English="to ~ humble">ταπεινοῖς</Node>
                      </Node>
                    </Node>
                    <Node Cat="V" Id="54" Rule="Vp2V" Head="0">
                      <Node Cat="vp" Id="55" Rule="V2VP" Head="0">
                        <Node Cat="verb" Id="56" morphId="600050050181" Unicode="δίδωσιν" Lemma="δίδωμι" Lang="G" StrongNumber="G13250" Morph="V,IPA3,,S," Mood="Indicative" Tense="Present" Voice="Active" Person="Third" Number="Singular" English="gives">δίδωσιν</Node>
                      </Node>
                    </Node>
                    <Node Cat="O" Id="57" Rule="Np2O" Head="0">
                      <Node Cat="np" Id="58" Rule="N2NP" Head="0">
                        <Node Cat="noun" Id="59" morphId="600050050191" Unicode="χάριν." Lemma="χάρις" Lang="G" StrongNumber="G54850" Morph="N,,,,,AFS," Case="Accusative" Gender="Feminine" Number="Singular" English="grace">χάριν.</Node>
                      </Node>
                    </Node>
                  </Node>
                </Node>
              </Node>
            </Node>
          </Node>
        </Node>
      </Tree>
    </Trees>
  </Sentence>
  <Sentence ID="60005006">
    <Trees>
      <Tree>
        <Node Cat="Verse" Id="1" Head="0">
          <Node Cat="CL" Id="2" Rule="Conj-CL" Head="1">
            <Node Cat="conj" Id="3" morphId="600050060021" Unicode="οὖν" Lemma="οὖν" Lang="G" StrongNumber="G37670" Morph="CC,,,,,,,," Type="Coordinating" English="therefore">οὖν</Node>
            <Node Cat="CL" Id="4" Rule="V-ADV-ADV" Head="0">
              <Node Cat="V" Id="5" Rule="Vp2V" Head="0">
                <Node Cat="vp" Id="6" Rule="V2VP" Head="0">
                  <Node Cat="verb" Id="7" morphId="600050060011" Unicode="ταπεινώθητε" Lemma="ταπεινόω" Lang="G" StrongNumber="G50130" Morph="V,MAP2,,P," Mood="Imperative" Tense="Aorist" Voice="Passive" Person="Second" Number="Plural" English="humble yourselves">ταπεινώθητε</Node>
                </Node>
              </Node>
              <Node Cat="ADV" Id="8" Rule="pp2ADV" Head="0">
                <Node Cat="pp" Id="9" Rule="PrepNp" Head="1">
                  <Node Cat="prep" Id="10" morphId="600050060031" Unicode="ὑπὸ" Lemma="ὑπό" Lang="G" StrongNumber="G52590" Morph="P,,,,,A,,," Case="Accusative" English="under">ὑπὸ</Node>
                  <Node Cat="np" Id="11" Rule="DetNP" Head="1">
                    <Node Cat="det" Id="12" morphId="600050060041" Unicode="τὴν" Lemma="ὁ" Lang="G" StrongNumber="G35880" Morph="EA,,,,AFS," Type="Article" Case="Accusative" Gender="Feminine" Number="Singular" English="the">τὴν</Node>
                    <Node Cat="np" Id="13" Rule="AdjpNp" Head="1">
                      <Node Cat="adjp" Id="14" Rule="Adj2Adjp" Head="0">
                        <Node Cat="adj" Id="15" morphId="600050060051" Unicode="κραταιὰν" Lemma="κραταιός" Lang="G" StrongNumber="G29000" Morph="AA,,,,AFS," Type="Ascriptive" Case="Accusative" Gender="Feminine" Number="Singular" English="mighty">κραταιὰν</Node>
                      </Node>
                      <Node Cat="np" Id="16" Rule="NPofNP" Head="0">
                        <Node Cat="np" Id="17" Rule="N2NP" Head="0">
                          <Node Cat="noun" Id="18" morphId="600050060061" Unicode="χεῖρα" Lemma="χείρ" Lang="G" StrongNumber="G54950" Morph="N,,,,,AFS," Case="Accusative" Gender="Feminine" Number="Singular" English="hand">χεῖρα</Node>
                        </Node>
                        <Node Cat="np" Id="19" Rule="DetNP" Head="1">
                          <Node Cat="det" Id="20" morphId="600050060071" Unicode="τοῦ" Lemma="ὁ" Lang="G" StrongNumber="G35880" Morph="EA,,,,GMS," Type="Article" Case="Genitive" Gender="Masculine" Number="Singular">τοῦ</Node>
                          <Node Cat="np" Id="21" Rule="N2NP" Head="0">
                            <Node Cat="noun" Id="22" morphId="600050060081" Unicode="Θεοῦ," Lemma="θεός" Lang="G" StrongNumber="G23160" Morph="N,,,,,GMS," Case="Genitive" Gender="Masculine" Number="Singular" English="of God">Θεοῦ,</Node>
                          </Node>
                        </Node>
                      </Node>
                    </Node>
                  </Node>
                </Node>
              </Node>
              <Node Cat="ADV" Id="23" Rule="CL2ADV" Head="0">
                <Node Cat="CL" Id="24" Rule="sub-CL" Head="1">
                  <Node Cat="conj" Id="25" morphId="600050060091" Unicode="ἵνα" Lemma="ἵνα" Lang="G" StrongNumber="G24430" Morph="CS,,,,,,,," Type="Subordinating" English="so that">ἵνα</Node>
                  <Node Cat="CL" Id="26" Rule="O-V-ADV" Head="1">
                    <Node Cat="O" Id="27" Rule="Np2O" Head="0">
                      <Node Cat="np" Id="28" Rule="Pron2NP" Head="0">
                        <Node Cat="pron" Id="29" morphId="600050060101" Unicode="ὑμᾶς" Lemma="σύ" Lang="G" StrongNumber="G47710" Morph="RP,,,2A,P," Type="Personal" Person="Second" Case="Accusative" Number="Plural" English="you">ὑμᾶς</Node>
                      </Node>
                    </Node>
                    <Node Cat="V" Id="30" Rule="Vp2V" Head="0">
                      <Node Cat="vp" Id="31" Rule="V2VP" Head="0">
                        <Node Cat="verb" Id="32" morphId="600050060111" Unicode="ὑψώσῃ" Lemma="ὑψόω" Lang="G" StrongNumber="G53120" Morph="V,SAA3,,S," Mood="Subjunctive" Tense="Aorist" Voice="Active" Person="Third" Number="Singular" English="he may exalt">ὑψώσῃ</Node>
                      </Node>
                    </Node>
                    <Node Cat="ADV" Id="33" Rule="pp2ADV" Head="0">
                      <Node Cat="pp" Id="34" Rule="PrepNp" Head="1">
                        <Node Cat="prep" Id="35" morphId="600050060121" Unicode="ἐν" Lemma="ἐν" Lang="G" StrongNumber="G17220" Morph="P,,,,,D,,," Case="Dative" English="at">ἐν</Node>
                        <Node Cat="np" Id="36" Rule="N2NP" Head="0">
                          <Node Cat="noun" Id="37" morphId="600050060131" Unicode="καιρῷ," Lemma="καιρός" Lang="G" StrongNumber="G25400" Morph="N,,,,,DMS," Case="Dative" Gender="Masculine" Number="Singular" English="proper time">καιρῷ,</Node>
                        </Node>
                      </Node>
                    </Node>
                  </Node>
                </Node>
              </Node>
            </Node>
          </Node>
        </Node>
      </Tree>
    </Trees>
  </Sentence>
  <Sentence ID="60005007">
    <Trees>
      <Tree>
        <Node Cat="Verse" Id="1" Head="0">
          <Node Cat="CL" Id="2" Rule="ClCl" Head="0">
            <Node Cat="CL" Id="3" Rule="O-V-ADV" Head="1">
              <Node Cat="O" Id="4" Rule="Np2O" Head="0">
                <Node Cat="np" Id="5" Rule="All-NP" Head="1">
                  <Node Cat="adjp" Id="6" Rule="Adj2Adjp" Head="0">
                    <Node Cat="adj" Id="7" Rule="u_Det2Adj" Head="0">
                      <Node Cat="det" Id="8" morphId="600050070011" Unicode="πᾶσαν" Lemma="πᾶς" Lang="G" StrongNumber="G39560" Morph="EQ,,,,AFS," Type="Quantifier" Case="Accusative" Gender="Feminine" Number="Singular" English="all">πᾶσαν</Node>
                    </Node>
                  </Node>
                  <Node Cat="np" Id="9" Rule="DetNP" Head="1">
                    <Node Cat="det" Id="10" morphId="600050070021" Unicode="τὴν" Lemma="ὁ" Lang="G" StrongNumber="G35880" Morph="EA,,,,AFS," Type="Article" Case="Accusative" Gender="Feminine" Number="Singular" English="the">τὴν</Node>
                    <Node Cat="np" Id="11" Rule="NPofNP" Head="0">
                      <Node Cat="np" Id="12" Rule="N2NP" Head="0">
                        <Node Cat="noun" Id="13" morphId="600050070031" Unicode="μέριμναν" Lemma="μέριμνα" Lang="G" StrongNumber="G33080" Morph="N,,,,,AFS," Case="Accusative" Gender="Feminine" Number="Singular" English="anxiety">μέριμναν</Node>
                      </Node>
                      <Node Cat="np" Id="14" Rule="Pron2NP" Head="0">
                        <Node Cat="pron" Id="15" morphId="600050070041" Unicode="ὑμῶν" Lemma="σύ" Lang="G" StrongNumber="G47710" Morph="RP,,,2G,P," Type="Personal" Person="Second" Case="Genitive" Number="Plural" English="of you">ὑμῶν</Node>
                      </Node>
                    </Node>
                  </Node>
                </Node>
              </Node>
              <Node Cat="V" Id="16" Rule="Vp2V" Head="0">
                <Node Cat="vp" Id="17" Rule="V2VP" Head="0">
                  <Node Cat="verb" Id="18" morphId="600050070051" Unicode="ἐπιρίψαντες" Lemma="ἐπιρίπτω" Lang="G" StrongNumber="G19770" Morph="V,PAA,NMP," Mood="Participle" Tense="Aorist" Voice="Active" Case="Nominative" Gender="Masculine" Number="Plural" English="casting">ἐπιρίψαντες</Node>
                </Node>
              </Node>
              <Node Cat="ADV" Id="19" Rule="pp2ADV" Head="0">
                <Node Cat="pp" Id="20" Rule="PrepNp" Head="1">
                  <Node Cat="prep" Id="21" morphId="600050070061" Unicode="ἐπ’" Lemma="ἐπί" Lang="G" StrongNumber="G19090" Morph="P,,,,,A,,," Case="Accusative" English="on">ἐπ’</Node>
                  <Node Cat="np" Id="22" Rule="Pron2NP" Head="0">
                    <Node Cat="pron" Id="23" morphId="600050070071" Unicode="αὐτόν," Lemma="αὐτός" Lang="G" StrongNumber="G08460" Morph="RP,,,3AMS," Type="Personal" Person="Third" Case="Accusative" Gender="Masculine" Number="Singular" English="him">αὐτόν,</Node>
                  </Node>
                </Node>
              </Node>
            </Node>
            <Node Cat="CL" Id="24" Rule="sub-CL" Head="1">
              <Node Cat="conj" Id="25" morphId="600050070081" Unicode="ὅτι" Lemma="ὅτι" Lang="G" StrongNumber="G37540" Morph="CS,,,,,,,," Type="Subordinating" English="because">ὅτι</Node>
              <Node Cat="CL" Id="26" Rule="ADV-V-ADV" Head="1">
                <Node Cat="ADV" Id="27" Rule="Np2ADV" Head="0">
                  <Node Cat="np" Id="28" Rule="Pron2NP" Head="0">
                    <Node Cat="pron" Id="29" morphId="600050070091" Unicode="αὐτῷ" Lemma="αὐτός" Lang="G" StrongNumber="G08460" Morph="RP,,,3DMS," Type="Personal" Person="Third" Case="Dative" Gender="Masculine" Number="Singular" English="to Him">αὐτῷ</Node>
                  </Node>
                </Node>
                <Node Cat="V" Id="30" Rule="Vp2V" Head="0">
                  <Node Cat="vp" Id="31" Rule="V2VP" Head="0">
                    <Node Cat="verb" Id="32" morphId="600050070101" Unicode="μέλει" Lemma="μέλω" Lang="G" StrongNumber="G31990" Morph="V,IPA3,,S," Mood="Indicative" Tense="Present" Voice="Active" Person="Third" Number="Singular" English="cares">μέλει</Node>
                  </Node>
                </Node>
                <Node Cat="ADV" Id="33" Rule="pp2ADV" Head="0">
                  <Node Cat="pp" Id="34" Rule="PrepNp" Head="1">
                    <Node Cat="prep" Id="35" morphId="600050070111" Unicode="περὶ" Lemma="περί" Lang="G" StrongNumber="G40120" Morph="P,,,,,G,,," Case="Genitive" English="for">περὶ</Node>
                    <Node Cat="np" Id="36" Rule="Pron2NP" Head="0">
                      <Node Cat="pron" Id="37" morphId="600050070121" Unicode="ὑμῶν." Lemma="σύ" Lang="G" StrongNumber="G47710" Morph="RP,,,2G,P," Type="Personal" Person="Second" Case="Genitive" Number="Plural" English="you">ὑμῶν.</Node>
                    </Node>
                  </Node>
                </Node>
              </Node>
            </Node>
          </Node>
        </Node>
      </Tree>
    </Trees>
  </Sentence>
  <Sentence ID="60005008">
    <Trees>
      <Tree>
        <Node Cat="Verse" Id="1" Head="0">
          <Node Cat="CL" Id="2" Rule="ClCl" Head="0">
            <Node Cat="CL" Id="3" Rule="V2CL" Head="0">
              <Node Cat="V" Id="4" Rule="Vp2V" Head="0">
                <Node Cat="vp" Id="5" Rule="V2VP" Head="0">
                  <Node Cat="verb" Id="6" morphId="600050080011" Unicode="νήψατε," Lemma="νήφω" Lang="G" StrongNumber="G35250" Morph="V,MAA2,,P," Mood="Imperative" Tense="Aorist" Voice="Active" Person="Second" Number="Plural" English="be sober">νήψατε,</Node>
                </Node>
              </Node>
            </Node>
            <Node Cat="CL" Id="7" Rule="V2CL" Head="0">
              <Node Cat="V" Id="8" Rule="Vp2V" Head="0">
                <Node Cat="vp" Id="9" Rule="V2VP" Head="0">
                  <Node Cat="verb" Id="10" morphId="600050080021" Unicode="γρηγορήσατε." Lemma="γρηγορέω" Lang="G" StrongNumber="G11270" Morph="V,MAA2,,P," Mood="Imperative" Tense="Aorist" Voice="Active" Person="Second" Number="Plural" English="be on the alert">γρηγορήσατε.</Node>
                </Node>
              </Node>
            </Node>
          </Node>
          <Node Cat="CL" Id="11" Rule="S-ADV-V-ADV" Head="2">
            <Node Cat="S" Id="12" Rule="Np2S" Head="0">
              <Node Cat="np" Id="13" Rule="Np-Appos" Head="0">
                <Node Cat="np" Id="14" Rule="DetNP" Head="1">
                  <Node Cat="det" Id="15" morphId="600050080031" Unicode="ὁ" Lemma="ὁ" Lang="G" StrongNumber="G35880" Morph="EA,,,,NMS," Type="Article" Case="Nominative" Gender="Masculine" Number="Singular" English="the">ὁ</Node>
                  <Node Cat="np" Id="16" Rule="NPofNP" Head="0">
                    <Node Cat="np" Id="17" Rule="N2NP" Head="0">
                      <Node Cat="noun" Id="18" morphId="600050080041" Unicode="ἀντίδικος" Lemma="ἀντίδικος" Lang="G" StrongNumber="G04760" Morph="N,,,,,NMS," Case="Nominative" Gender="Masculine" Number="Singular" English="adversary">ἀντίδικος</Node>
                    </Node>
                    <Node Cat="np" Id="19" Rule="Pron2NP" Head="0">
                      <Node Cat="pron" Id="20" morphId="600050080051" Unicode="ὑμῶν," Lemma="σύ" Lang="G" StrongNumber="G47710" Morph="RP,,,2G,P," Type="Personal" Person="Second" Case="Genitive" Number="Plural" English="of you">ὑμῶν,</Node>
                    </Node>
                  </Node>
                </Node>
                <Node Cat="np" Id="21" Rule="N2NP" Head="0">
                  <Node Cat="noun" Id="22" morphId="600050080061" Unicode="διάβολος," Lemma="διάβολος" Lang="G" StrongNumber="G12280" Morph="NS,,,,NMS," Type="Substantive_Adj" Case="Nominative" Gender="Masculine" Number="Singular" English="devil">διάβολος,</Node>
                </Node>
              </Node>
            </Node>
            <Node Cat="ADV" Id="23" Rule="CL2ADV" Head="0">
              <Node Cat="CL" Id="24" Rule="sub-CL" Head="1">
                <Node Cat="conj" Id="25" morphId="600050080071" Unicode="ὡς" Lemma="ὡς" Lang="G" StrongNumber="G56130" Morph="CS,,,,,,,," Type="Subordinating" English="like">ὡς</Node>
                <Node Cat="CL" Id="26" Rule="S2CL" Head="0">
                  <Node Cat="S" Id="27" Rule="Np2S" Head="0">
                    <Node Cat="np" Id="28" Rule="NpAdjp" Head="0">
                      <Node Cat="np" Id="29" Rule="N2NP" Head="0">
                        <Node Cat="noun" Id="30" morphId="600050080081" Unicode="λέων" Lemma="λέων" Lang="G" StrongNumber="G30230" Morph="N,,,,,NMS," Case="Nominative" Gender="Masculine" Number="Singular" English="a ~ lion">λέων</Node>
                      </Node>
                      <Node Cat="adjp" Id="31" Rule="CL2Adjp" Head="0">
                        <Node Cat="CL" Id="32" Rule="V2CL" Head="0">
                          <Node Cat="V" Id="33" Rule="Vp2V" Head="0">
                            <Node Cat="vp" Id="34" Rule="V2VP" Head="0">
                              <Node Cat="verb" Id="35" morphId="600050080091" Unicode="ὠρυόμενος" Lemma="ὠρύομαι" Lang="G" StrongNumber="G56120" Morph="V,PPM,NMS," Mood="Participle" Tense="Present" Voice="Middle" Case="Nominative" Gender="Masculine" Number="Singular" English="roaring">ὠρυόμενος</Node>
                            </Node>
                          </Node>
                        </Node>
                      </Node>
                    </Node>
                  </Node>
                </Node>
              </Node>
            </Node>
            <Node Cat="V" Id="36" Rule="Vp2V" Head="0">
              <Node Cat="vp" Id="37" Rule="V2VP" Head="0">
                <Node Cat="verb" Id="38" morphId="600050080101" Unicode="περιπατεῖ," Lemma="περιπατέω" Lang="G" StrongNumber="G40430" Morph="V,IPA3,,S," Mood="Indicative" Tense="Present" Voice="Active" Person="Third" Number="Singular" English="prowls around">περιπατεῖ,</Node>
              </Node>
            </Node>
            <Node Cat="ADV" Id="39" Rule="CL2ADV" Head="0">
              <Node Cat="CL" Id="40" Rule="V-O" Head="0">
                <Node Cat="V" Id="41" Rule="Vp2V" Head="0">
                  <Node Cat="vp" Id="42" Rule="V2VP" Head="0">
                    <Node Cat="verb" Id="43" morphId="600050080111" Unicode="ζητῶν" Lemma="ζητέω" Lang="G" StrongNumber="G22120" Morph="V,PPA,NMS," Mood="Participle" Tense="Present" Voice="Active" Case="Nominative" Gender="Masculine" Number="Singular" English="looking for">ζητῶν</Node>
                  </Node>
                </Node>
                <Node Cat="O" Id="44" Rule="CL2Ox" Head="0">
                  <Node Cat="CL" Id="45" Rule="O-V" Head="1">
                    <Node Cat="O" Id="46" Rule="Np2O" Head="0">
                      <Node Cat="np" Id="47" Rule="Pron2NP" Head="0">
                        <Node Cat="pron" Id="48" morphId="600050080121" Unicode="τινα" Lemma="τις" Lang="G" StrongNumber="G51000" Morph="RI,,,,AMS," Type="Indefinite" Case="Accusative" Gender="Masculine" Number="Singular" English="whom">τινα</Node>
                      </Node>
                    </Node>
                    <Node Cat="V" Id="49" Rule="Vp2V" Head="0">
                      <Node Cat="vp" Id="50" Rule="V2VP" Head="0">
                        <Node Cat="verb" Id="51" morphId="600050080131" Unicode="καταπιεῖν;" Lemma="καταπίνω" Lang="G" StrongNumber="G26660" Morph="V,NAA,,,,," Mood="Infinitive" Tense="Aorist" Voice="Active" English="to devour">καταπιεῖν;</Node>
                      </Node>
                    </Node>
                  </Node>
                </Node>
              </Node>
            </Node>
          </Node>
        </Node>
      </Tree>
    </Trees>
  </Sentence>
  <Sentence ID="60005009">
    <Trees>
      <Tree>
        <Node Cat="Verse" Id="1" Head="0">
          <Node Cat="CL" Id="2" Rule="O-V-ADV-ADV" Head="1">
            <Node Cat="O" Id="3" Rule="Np2O" Head="0">
              <Node Cat="np" Id="4" Rule="Pron2NP" Head="0">
                <Node Cat="pron" Id="5" morphId="600050090011" Unicode="ᾧ" Lemma="ὅς" Lang="G" StrongNumber="G37390" Morph="RR,,,,DMS," Type="Relative" Case="Dative" Gender="Masculine" Number="Singular" English="whom">ᾧ</Node>
              </Node>
            </Node>
            <Node Cat="V" Id="6" Rule="Vp2V" Head="0">
              <Node Cat="vp" Id="7" Rule="V2VP" Head="0">
                <Node Cat="verb" Id="8" morphId="600050090021" Unicode="ἀντίστητε," Lemma="ἀνθίστημι" Lang="G" StrongNumber="G04360" Morph="V,MAA2,,P," Mood="Imperative" Tense="Aorist" Voice="Active" Person="Second" Number="Plural" English="resist">ἀντίστητε,</Node>
              </Node>
            </Node>
            <Node Cat="ADV" Id="9" Rule="adjp2ADV" Head="0">
              <Node Cat="adjp" Id="10" Rule="AdjpDative" Head="0">
                <Node Cat="adjp" Id="11" Rule="Adj2Adjp" Head="0">
                  <Node Cat="adj" Id="12" Rule="u_Noun2Adj" Head="0">
                    <Node Cat="noun" Id="13" morphId="600050090031" Unicode="στερεοὶ" Lemma="στερεός" Lang="G" StrongNumber="G47310" Morph="NS,,,,NMP," Type="Substantive_Adj" Case="Nominative" Gender="Masculine" Number="Plural" English="steadfast">στερεοὶ</Node>
                  </Node>
                </Node>
                <Node Cat="np" Id="14" Rule="DetNP" Head="1">
                  <Node Cat="det" Id="15" morphId="600050090041" Unicode="τῇ" Lemma="ὁ" Lang="G" StrongNumber="G35880" Morph="EA,,,,DFS," Type="Article" Case="Dative" Gender="Feminine" Number="Singular" English="the">τῇ</Node>
                  <Node Cat="np" Id="16" Rule="N2NP" Head="0">
                    <Node Cat="noun" Id="17" morphId="600050090051" Unicode="πίστει," Lemma="πίστις" Lang="G" StrongNumber="G41020" Morph="N,,,,,DFS," Case="Dative" Gender="Feminine" Number="Singular" English="in ~ faith">πίστει,</Node>
                  </Node>
                </Node>
              </Node>
            </Node>
            <Node Cat="ADV" Id="18" Rule="CL2ADV" Head="0">
              <Node Cat="CL" Id="19" Rule="V-O" Head="0">
                <Node Cat="V" Id="20" Rule="Vp2V" Head="0">
                  <Node Cat="vp" Id="21" Rule="V2VP" Head="0">
                    <Node Cat="verb" Id="22" morphId="600050090061" Unicode="εἰδότες" Lemma="εἴδω" Lang="G" StrongNumber="G14920" Morph="V,PEA,NMP," Mood="Participle" Tense="Perfect" Voice="Active" Case="Nominative" Gender="Masculine" Number="Plural" English="knowing">εἰδότες</Node>
                  </Node>
                </Node>
                <Node Cat="O" Id="23" Rule="CL2Ox" Head="0">
                  <Node Cat="CL" Id="24" Rule="S-ADV-V" Head="2">
                    <Node Cat="S" Id="25" Rule="Np2S" Head="0">
                      <Node Cat="np" Id="26" Rule="DetNP" Head="1">
                        <Node Cat="det" Id="27" morphId="600050090071" Unicode="τὰ" Lemma="ὁ" Lang="G" StrongNumber="G35880" Morph="EA,,,,ANP," Type="Article" Case="Accusative" Gender="Neuter" Number="Plural" English="the">τὰ</Node>
                        <Node Cat="np" Id="28" Rule="NPofNP" Head="0">
                          <Node Cat="np" Id="29" Rule="Pron2NP" Head="0">
                            <Node Cat="pron" Id="30" morphId="600050090081" Unicode="αὐτὰ" Lemma="αὐτός" Lang="G" StrongNumber="G08460" Morph="RD,,,,ANP," Type="Demonstrative" Case="Accusative" Gender="Neuter" Number="Plural" English="same">αὐτὰ</Node>
                          </Node>
                          <Node Cat="np" Id="31" Rule="DetNP" Head="1">
                            <Node Cat="det" Id="32" morphId="600050090091" Unicode="τῶν" Lemma="ὁ" Lang="G" StrongNumber="G35880" Morph="EA,,,,GNP," Type="Article" Case="Genitive" Gender="Neuter" Number="Plural">τῶν</Node>
                            <Node Cat="np" Id="33" Rule="N2NP" Head="0">
                              <Node Cat="noun" Id="34" morphId="600050090101" Unicode="παθημάτων," Lemma="πάθημα" Lang="G" StrongNumber="G38040" Morph="N,,,,,GNP," Case="Genitive" Gender="Neuter" Number="Plural" English="of suffering">παθημάτων,</Node>
                            </Node>
                          </Node>
                        </Node>
                      </Node>
                    </Node>
                    <Node Cat="ADV" Id="35" Rule="Np2ADV" Head="0">
                      <Node Cat="np" Id="36" Rule="DetNP" Head="1">
                        <Node Cat="det" Id="37" morphId="600050090111" Unicode="τῇ" Lemma="ὁ" Lang="G" StrongNumber="G35880" Morph="EA,,,,DFS," Type="Article" Case="Dative" Gender="Feminine" Number="Singular" English="who">τῇ</Node>
                        <Node Cat="np" Id="38" Rule="PpNp2Np" Head="1">
                          <Node Cat="pp" Id="39" Rule="PrepNp" Head="1">
                            <Node Cat="prep" Id="40" morphId="600050090121" Unicode="ἐν" Lemma="ἐν" Lang="G" StrongNumber="G17220" Morph="P,,,,,D,,," Case="Dative" English="in">ἐν</Node>
                            <Node Cat="np" Id="41" Rule="DetNP" Head="1">
                              <Node Cat="det" Id="42" morphId="600050090131" Unicode="τῷ" Lemma="ὁ" Lang="G" StrongNumber="G35880" Morph="EA,,,,DMS," Type="Article" Case="Dative" Gender="Masculine" Number="Singular" English="the">τῷ</Node>
                              <Node Cat="np" Id="43" Rule="N2NP" Head="0">
                                <Node Cat="noun" Id="44" morphId="600050090141" Unicode="κόσμῳ" Lemma="κόσμος" Lang="G" StrongNumber="G28890" Morph="N,,,,,DMS," Case="Dative" Gender="Masculine" Number="Singular" English="world">κόσμῳ</Node>
                              </Node>
                            </Node>
                          </Node>
                          <Node Cat="np" Id="45" Rule="ofNPNP" Head="1">
                            <Node Cat="np" Id="46" Rule="Pron2NP" Head="0">
                              <Node Cat="pron" Id="47" morphId="600050090151" Unicode="ὑμῶν" Lemma="σύ" Lang="G" StrongNumber="G47710" Morph="RP,,,2G,P," Type="Personal" Person="Second" Case="Genitive" Number="Plural" English="of you">ὑμῶν</Node>
                            </Node>
                            <Node Cat="np" Id="48" Rule="N2NP" Head="0">
                              <Node Cat="noun" Id="49" morphId="600050090161" Unicode="ἀδελφότητι" Lemma="ἀδελφότης" Lang="G" StrongNumber="G00810" Morph="N,,,,,DFS," Case="Dative" Gender="Feminine" Number="Singular" English="by ~ brotherhood">ἀδελφότητι</Node>
                            </Node>
                          </Node>
                        </Node>
                      </Node>
                    </Node>
                    <Node Cat="V" Id="50" Rule="Vp2V" Head="0">
                      <Node Cat="vp" Id="51" Rule="V2VP" Head="0">
                        <Node Cat="verb" Id="52" morphId="600050090171" Unicode="ἐπιτελεῖσθαι." Lemma="ἐπιτελέω" Lang="G" StrongNumber="G20050" Morph="V,NPP,,,,," Mood="Infinitive" Tense="Present" Voice="Passive" English="are undergoing">ἐπιτελεῖσθαι.</Node>
                      </Node>
                    </Node>
                  </Node>
                </Node>
              </Node>
            </Node>
          </Node>
        </Node>
      </Tree>
    </Trees>
  </Sentence>
  <Sentence ID="60005010">
    <Trees>
      <Tree>
        <Node Cat="Verse" Id="1" Head="0">
          <Node Cat="CL" Id="2" Rule="Conj-CL" Head="1">
            <Node Cat="conj" Id="3" morphId="600050100021" Unicode="δὲ" Lemma="δέ" Lang="G" StrongNumber="G11610" Morph="CC,,,,,,,," Type="Coordinating" English="and">δὲ</Node>
            <Node Cat="CL" Id="4" Rule="ClCl2" Head="1">
              <Node Cat="CL" Id="5" Rule="Np2CL" Head="0">
                <Node Cat="np" Id="6" Rule="Np-Appos" Head="0">
                  <Node Cat="np" Id="7" Rule="DetNP" Head="1">
                    <Node Cat="det" Id="8" morphId="600050100011" Unicode="ὁ" Lemma="ὁ" Lang="G" StrongNumber="G35880" Morph="EA,,,,NMS," Type="Article" Case="Nominative" Gender="Masculine" Number="Singular" English="the">ὁ</Node>
                    <Node Cat="np" Id="9" Rule="NPofNP" Head="0">
                      <Node Cat="np" Id="10" Rule="N2NP" Head="0">
                        <Node Cat="noun" Id="11" morphId="600050100031" Unicode="Θεὸς" Lemma="θεός" Lang="G" StrongNumber="G23160" Morph="N,,,,,NMS," Case="Nominative" Gender="Masculine" Number="Singular" English="God">Θεὸς</Node>
                      </Node>
                      <Node Cat="np" Id="12" Rule="All-NP" Head="1">
                        <Node Cat="adjp" Id="13" Rule="Adj2Adjp" Head="0">
                          <Node Cat="adj" Id="14" Rule="u_Det2Adj" Head="0">
                            <Node Cat="det" Id="15" morphId="600050100041" Unicode="πάσης" Lemma="πᾶς" Lang="G" StrongNumber="G39560" Morph="EQ,,,,GFS," Type="Quantifier" Case="Genitive" Gender="Feminine" Number="Singular" English="all">πάσης</Node>
                          </Node>
                        </Node>
                        <Node Cat="np" Id="16" Rule="N2NP" Head="0">
                          <Node Cat="noun" Id="17" morphId="600050100051" Unicode="χάριτος," Lemma="χάρις" Lang="G" StrongNumber="G54850" Morph="N,,,,,GFS," Case="Genitive" Gender="Feminine" Number="Singular" English="of ~ grace">χάριτος,</Node>
                        </Node>
                      </Node>
                    </Node>
                  </Node>
                  <Node Cat="np" Id="18" Rule="DetCL" Head="1">
                    <Node Cat="det" Id="19" Rule="u_Pron2Det" Head="0">
                      <Node Cat="pron" Id="20" morphId="600050100061" Unicode="ὁ" Lemma="ὁ" Lang="G" StrongNumber="G35880" Morph="RD,,,,NMS," Type="Demonstrative" Case="Nominative" Gender="Masculine" Number="Singular" English="the one">ὁ</Node>
                    </Node>
                    <Node Cat="CL" Id="21" Rule="V-O-ADV-ADV" Head="0">
                      <Node Cat="V" Id="22" Rule="Vp2V" Head="0">
                        <Node Cat="vp" Id="23" Rule="V2VP" Head="0">
                          <Node Cat="verb" Id="24" morphId="600050100071" Unicode="καλέσας" Lemma="καλέω" Lang="G" StrongNumber="G25640" Morph="V,PAA,NMS," Mood="Participle" Tense="Aorist" Voice="Active" Case="Nominative" Gender="Masculine" Number="Singular" English="who called">καλέσας</Node>
                        </Node>
                      </Node>
                      <Node Cat="O" Id="25" Rule="Np2O" Head="0">
                        <Node Cat="np" Id="26" Rule="Pron2NP" Head="0">
                          <Node Cat="pron" Id="27" morphId="600050100081" Unicode="ὑμᾶς" Lemma="σύ" Lang="G" StrongNumber="G47710" Morph="RP,,,2A,P," Type="Personal" Person="Second" Case="Accusative" Number="Plural" English="you">ὑμᾶς</Node>
                        </Node>
                      </Node>
                      <Node Cat="ADV" Id="28" Rule="pp2ADV" Head="0">
                        <Node Cat="pp" Id="29" Rule="PrepNp" Head="1">
                          <Node Cat="prep" Id="30" morphId="600050100091" Unicode="εἰς" Lemma="εἰς" Lang="G" StrongNumber="G15190" Morph="P,,,,,A,,," Case="Accusative" English="to">εἰς</Node>
                          <Node Cat="np" Id="31" Rule="DetNP" Head="1">
                            <Node Cat="det" Id="32" morphId="600050100101" Unicode="τὴν" Lemma="ὁ" Lang="G" StrongNumber="G35880" Morph="EA,,,,AFS," Type="Article" Case="Accusative" Gender="Feminine" Number="Singular" English="the">τὴν</Node>
                            <Node Cat="np" Id="33" Rule="Demo-NP" Head="1">
                              <Node Cat="np" Id="34" Rule="N2NP" Head="0">
                                <Node Cat="noun" Id="35" morphId="600050100111" Unicode="αἰώνιον" Lemma="αἰώνιος" Lang="G" StrongNumber="G01660" Morph="NS,,,,AFS," Type="Substantive_Adj" Case="Accusative" Gender="Feminine" Number="Singular" English="eternal">αἰώνιον</Node>
                              </Node>
                              <Node Cat="np" Id="36" Rule="ofNPNP" Head="1">
                                <Node Cat="np" Id="37" Rule="Pron2NP" Head="0">
                                  <Node Cat="pron" Id="38" morphId="600050100121" Unicode="αὐτοῦ" Lemma="αὐτός" Lang="G" StrongNumber="G08460" Morph="RP,,,3GMS," Type="Personal" Person="Third" Case="Genitive" Gender="Masculine" Number="Singular" English="of Him">αὐτοῦ</Node>
                                </Node>
                                <Node Cat="np" Id="39" Rule="N2NP" Head="0">
                                  <Node Cat="noun" Id="40" morphId="600050100131" Unicode="δόξαν" Lemma="δόξα" Lang="G" StrongNumber="G13910" Morph="N,,,,,AFS," Case="Accusative" Gender="Feminine" Number="Singular" English="glory">δόξαν</Node>
                                </Node>
                              </Node>
                            </Node>
                          </Node>
                        </Node>
                      </Node>
                      <Node Cat="ADV" Id="41" Rule="pp2ADV" Head="0">
                        <Node Cat="pp" Id="42" Rule="PrepNp" Head="1">
                          <Node Cat="prep" Id="43" morphId="600050100141" Unicode="ἐν" Lemma="ἐν" Lang="G" StrongNumber="G17220" Morph="P,,,,,D,,," Case="Dative" English="in">ἐν</Node>
                          <Node Cat="np" Id="44" Rule="N2NP" Head="0">
                            <Node Cat="noun" Id="45" morphId="600050100151" Unicode="Χριστῷ," Lemma="χριστός" Lang="G" StrongNumber="G55470" Morph="N,,,,,DMS," Case="Dative" Gender="Masculine" Number="Singular" English="Christ">Χριστῷ,</Node>
                          </Node>
                        </Node>
                      </Node>
                    </Node>
                  </Node>
                </Node>
              </Node>
              <Node Cat="CL" Id="46" Rule="ClClClCl" Head="0">
                <Node Cat="CL" Id="47" Rule="ADV-S-V" Head="2">
                  <Node Cat="ADV" Id="48" Rule="CL2ADV" Head="0">
                    <Node Cat="CL" Id="49" Rule="ADV-V" Head="1">
                      <Node Cat="ADV" Id="50" Rule="Advp2ADV" Head="0">
                        <Node Cat="advp" Id="51" Rule="Adv2Advp" Head="0">
                          <Node Cat="adv" Id="52" morphId="600050100161" Unicode="ὀλίγον" Lemma="ὀλίγον" Lang="G" StrongNumber="G36405" Morph="D,,,,,,,,," English="a little while">ὀλίγον</Node>
                        </Node>
                      </Node>
                      <Node Cat="V" Id="53" Rule="Vp2V" Head="0">
                        <Node Cat="vp" Id="54" Rule="V2VP" Head="0">
                          <Node Cat="verb" Id="55" morphId="600050100171" Unicode="παθόντας," Lemma="πάσχω" Lang="G" StrongNumber="G39580" Morph="V,PAA,AMP," Mood="Participle" Tense="Aorist" Voice="Active" Case="Accusative" Gender="Masculine" Number="Plural" English="after ~ have suffered">παθόντας,</Node>
                        </Node>
                      </Node>
                    </Node>
                  </Node>
                  <Node Cat="S" Id="56" Rule="Np2S" Head="0">
                    <Node Cat="np" Id="57" Rule="Pron2NP" Head="0">
                      <Node Cat="pron" Id="58" morphId="600050100181" Unicode="αὐτὸς" Lemma="αὐτός" Lang="G" StrongNumber="G08460" Morph="RP,,,3NMS," Type="Personal" Person="Third" Case="Nominative" Gender="Masculine" Number="Singular" English="he himself">αὐτὸς</Node>
                    </Node>
                  </Node>
                  <Node Cat="V" Id="59" Rule="Vp2V" Head="0">
                    <Node Cat="vp" Id="60" Rule="V2VP" Head="0">
                      <Node Cat="verb" Id="61" morphId="600050100191" Unicode="καταρτίσει," Lemma="καταρτίζω" Lang="G" StrongNumber="G26750" Morph="V,IFA3,,S," Mood="Indicative" Tense="Future" Voice="Active" Person="Third" Number="Singular" English="will ~ restore">καταρτίσει,</Node>
                    </Node>
                  </Node>
                </Node>
                <Node Cat="CL" Id="62" Rule="V2CL" Head="0">
                  <Node Cat="V" Id="63" Rule="Vp2V" Head="0">
                    <Node Cat="vp" Id="64" Rule="V2VP" Head="0">
                      <Node Cat="verb" Id="65" morphId="600050100201" Unicode="στηρίξει," Lemma="στηρίζω" Lang="G" StrongNumber="G47410" Morph="V,IFA3,,S," Mood="Indicative" Tense="Future" Voice="Active" Person="Third" Number="Singular" English="confirm">στηρίξει,</Node>
                    </Node>
                  </Node>
                </Node>
                <Node Cat="CL" Id="66" Rule="V2CL" Head="0">
                  <Node Cat="V" Id="67" Rule="Vp2V" Head="0">
                    <Node Cat="vp" Id="68" Rule="V2VP" Head="0">
                      <Node Cat="verb" Id="69" morphId="600050100211" Unicode="σθενώσει," Lemma="σθενόω" Lang="G" StrongNumber="G45990" Morph="V,IFA3,,S," Mood="Indicative" Tense="Future" Voice="Active" Person="Third" Number="Singular" English="strengthen">σθενώσει,</Node>
                    </Node>
                  </Node>
                </Node>
                <Node Cat="CL" Id="70" Rule="V2CL" Head="0">
                  <Node Cat="V" Id="71" Rule="Vp2V" Head="0">
                    <Node Cat="vp" Id="72" Rule="V2VP" Head="0">
                      <Node Cat="verb" Id="73" morphId="600050100221" Unicode="θεμελιώσει." Lemma="θεμελιόω" Lang="G" StrongNumber="G23110" Morph="V,IFA3,,S," Mood="Indicative" Tense="Future" Voice="Active" Person="Third" Number="Singular" English="establish">θεμελιώσει.</Node>
                    </Node>
                  </Node>
                </Node>
              </Node>
            </Node>
          </Node>
        </Node>
      </Tree>
    </Trees>
  </Sentence>
  <Sentence ID="60005011">
    <Trees>
      <Tree>
        <Node Cat="Verse" Id="1" Head="0">
          <Node Cat="CL" Id="2" Rule="ClCl" Head="0">
            <Node Cat="CL" Id="3" Rule="IO-S-ADV" Head="1">
              <Node Cat="IO" Id="4" Rule="Np2IO" Head="0">
                <Node Cat="np" Id="5" Rule="Pron2NP" Head="0">
                  <Node Cat="pron" Id="6" morphId="600050110011" Unicode="αὐτῷ" Lemma="αὐτός" Lang="G" StrongNumber="G08460" Morph="RP,,,3DMS," Type="Personal" Person="Third" Case="Dative" Gender="Masculine" Number="Singular" English="To Him">αὐτῷ</Node>
                </Node>
              </Node>
              <Node Cat="S" Id="7" Rule="Np2S" Head="0">
                <Node Cat="np" Id="8" Rule="DetNP" Head="1">
                  <Node Cat="det" Id="9" morphId="600050110021" Unicode="τὸ" Lemma="ὁ" Lang="G" StrongNumber="G35880" Morph="EA,,,,NNS," Type="Article" Case="Nominative" Gender="Neuter" Number="Singular" English="the">τὸ</Node>
                  <Node Cat="np" Id="10" Rule="N2NP" Head="0">
                    <Node Cat="noun" Id="11" morphId="600050110031" Unicode="κράτος" Lemma="κράτος" Lang="G" StrongNumber="G29040" Morph="N,,,,,NNS," Case="Nominative" Gender="Neuter" Number="Singular" English="dominion">κράτος</Node>
                  </Node>
                </Node>
              </Node>
              <Node Cat="ADV" Id="12" Rule="pp2ADV" Head="0">
                <Node Cat="pp" Id="13" Rule="PrepNp" Head="1">
                  <Node Cat="prep" Id="14" morphId="600050110041" Unicode="εἰς" Lemma="εἰς" Lang="G" StrongNumber="G15190" Morph="P,,,,,A,,," Case="Accusative" English="into">εἰς</Node>
                  <Node Cat="np" Id="15" Rule="DetNP" Head="1">
                    <Node Cat="det" Id="16" morphId="600050110051" Unicode="τοὺς" Lemma="ὁ" Lang="G" StrongNumber="G35880" Morph="EA,,,,AMP," Type="Article" Case="Accusative" Gender="Masculine" Number="Plural" English="the">τοὺς</Node>
                    <Node Cat="np" Id="17" Rule="N2NP" Head="0">
                      <Node Cat="noun" Id="18" morphId="600050110061" Unicode="αἰῶνας." Lemma="αἰών" Lang="G" StrongNumber="G01650" Morph="N,,,,,AMP," Case="Accusative" Gender="Masculine" Number="Plural" English="agess">αἰῶνας.</Node>
                    </Node>
                  </Node>
                </Node>
              </Node>
            </Node>
            <Node Cat="CL" Id="19" Rule="Intj2CL" Head="0">
              <Node Cat="intj" Id="20" morphId="600050110071" Unicode="ἀμήν!" Lemma="ἀμήν" Lang="G" StrongNumber="G02810" Morph="IE,,,,,,,," Type="Exclamation" English="amen">ἀμήν!</Node>
            </Node>
          </Node>
        </Node>
      </Tree>
    </Trees>
  </Sentence>
  <Sentence ID="60005012">
    <Trees>
      <Tree>
        <Node Cat="Verse" Id="1" Head="0">
          <Node Cat="CL" Id="2" Rule="IO-ADV-ADV-V-ADV" Head="3">
            <Node Cat="IO" Id="3" Rule="Np2IO" Head="0">
              <Node Cat="np" Id="4" Rule="Pron2NP" Head="0">
                <Node Cat="pron" Id="5" morphId="600050120031" Unicode="ὑμῖν" Lemma="σύ" Lang="G" StrongNumber="G47710" Morph="RP,,,2D,P," Type="Personal" Person="Second" Case="Dative" Number="Plural" English="to you">ὑμῖν</Node>
              </Node>
            </Node>
            <Node Cat="ADV" Id="6" Rule="pp2ADV" Head="0">
              <Node Cat="pp" Id="7" Rule="PrepNp" Head="1">
                <Node Cat="prep" Id="8" morphId="600050120011" Unicode="διὰ" Lemma="διά" Lang="G" StrongNumber="G12230" Morph="P,,,,,G,,," Case="Genitive" English="through">διὰ</Node>
                <Node Cat="np" Id="9" Rule="Np-Appos" Head="0">
                  <Node Cat="np" Id="10" Rule="N2NP" Head="0">
                    <Node Cat="noun" Id="11" morphId="600050120021" Unicode="Σιλουανοῦ," Lemma="Σιλουανός" Lang="G" StrongNumber="G46100" Morph="N,,,,,GMS," Case="Genitive" Gender="Masculine" Number="Singular" English="Silvanus">Σιλουανοῦ,</Node>
                  </Node>
                  <Node Cat="np" Id="12" Rule="DetNP" Head="1">
                    <Node Cat="det" Id="13" morphId="600050120041" Unicode="τοῦ" Lemma="ὁ" Lang="G" StrongNumber="G35880" Morph="EA,,,,GMS," Type="Article" Case="Genitive" Gender="Masculine" Number="Singular" English="the">τοῦ</Node>
                    <Node Cat="np" Id="14" Rule="NP-CL" Head="0">
                      <Node Cat="np" Id="15" Rule="AdjpNp" Head="1">
                        <Node Cat="adjp" Id="16" Rule="Adj2Adjp" Head="0">
                          <Node Cat="adj" Id="17" morphId="600050120051" Unicode="πιστοῦ" Lemma="πιστός" Lang="G" StrongNumber="G41030" Morph="AA,,,,GMS," Type="Ascriptive" Case="Genitive" Gender="Masculine" Number="Singular" English="faithful">πιστοῦ</Node>
                        </Node>
                        <Node Cat="np" Id="18" Rule="N2NP" Head="0">
                          <Node Cat="noun" Id="19" morphId="600050120061" Unicode="ἀδελφοῦ" Lemma="ἀδελφός" Lang="G" StrongNumber="G00800" Morph="N,,,,,GMS," Case="Genitive" Gender="Masculine" Number="Singular" English="a ~ brother">ἀδελφοῦ</Node>
                        </Node>
                      </Node>
                      <Node Cat="CL" Id="20" Rule="sub-CL" Head="1">
                        <Node Cat="conj" Id="21" morphId="600050120071" Unicode="(ὡς" Lemma="ὡς" Lang="G" StrongNumber="G56130" Morph="CS,,,,,,,," Type="Subordinating" English="as">(ὡς</Node>
                        <Node Cat="CL" Id="22" Rule="V2CL" Head="0">
                          <Node Cat="V" Id="23" Rule="Vp2V" Head="0">
                            <Node Cat="vp" Id="24" Rule="V2VP" Head="0">
                              <Node Cat="verb" Id="25" morphId="600050120081" Unicode="λογίζομαι)," Lemma="λογίζομαι" Lang="G" StrongNumber="G30490" Morph="V,IPM1,,S," Mood="Indicative" Tense="Present" Voice="Middle" Person="First" Number="Singular" English="I consider">λογίζομαι),</Node>
                            </Node>
                          </Node>
                        </Node>
                      </Node>
                    </Node>
                  </Node>
                </Node>
              </Node>
            </Node>
            <Node Cat="ADV" Id="26" Rule="pp2ADV" Head="0">
              <Node Cat="pp" Id="27" Rule="PrepNp" Head="1">
                <Node Cat="prep" Id="28" morphId="600050120091" Unicode="δι’" Lemma="διά" Lang="G" StrongNumber="G12230" Morph="P,,,,,G,,," Case="Genitive" English="through">δι’</Node>
                <Node Cat="np" Id="29" Rule="Pron2NP" Head="0">
                  <Node Cat="pron" Id="30" morphId="600050120101" Unicode="ὀλίγων" Lemma="ὀλίγος" Lang="G" StrongNumber="G36410" Morph="RI,,,,GMP," Type="Indefinite" Case="Genitive" Gender="Masculine" Number="Plural" English="short">ὀλίγων</Node>
                </Node>
              </Node>
            </Node>
            <Node Cat="V" Id="31" Rule="Vp2V" Head="0">
              <Node Cat="vp" Id="32" Rule="V2VP" Head="0">
                <Node Cat="verb" Id="33" morphId="600050120111" Unicode="ἔγραψα," Lemma="γράφω" Lang="G" StrongNumber="G11250" Morph="V,IAA1,,S," Mood="Indicative" Tense="Aorist" Voice="Active" Person="First" Number="Singular" English="I have written">ἔγραψα,</Node>
              </Node>
            </Node>
            <Node Cat="ADV" Id="34" Rule="CL2ADV" Head="0">
              <Node Cat="CL" Id="35" Rule="CLaCL" Head="0">
                <Node Cat="CL" Id="36" Rule="V2CL" Head="0">
                  <Node Cat="V" Id="37" Rule="Vp2V" Head="0">
                    <Node Cat="vp" Id="38" Rule="V2VP" Head="0">
                      <Node Cat="verb" Id="39" morphId="600050120121" Unicode="παρακαλῶν" Lemma="παρακαλέω" Lang="G" StrongNumber="G38700" Morph="V,PPA,NMS," Mood="Participle" Tense="Present" Voice="Active" Case="Nominative" Gender="Masculine" Number="Singular" English="exhorting">παρακαλῶν</Node>
                    </Node>
                  </Node>
                </Node>
                <Node Cat="conj" Id="40" morphId="600050120131" Unicode="καὶ" Lemma="καί" Lang="G" StrongNumber="G25320" Morph="CC,,,,,,,," Type="Coordinating" English="and">καὶ</Node>
                <Node Cat="CL" Id="41" Rule="V-O" Head="0">
                  <Node Cat="V" Id="42" Rule="Vp2V" Head="0">
                    <Node Cat="vp" Id="43" Rule="V2VP" Head="0">
                      <Node Cat="verb" Id="44" morphId="600050120141" Unicode="ἐπιμαρτυρῶν" Lemma="ἐπιμαρτυρέω" Lang="G" StrongNumber="G19570" Morph="V,PPA,NMS," Mood="Participle" Tense="Present" Voice="Active" Case="Nominative" Gender="Masculine" Number="Singular" English="testifying">ἐπιμαρτυρῶν</Node>
                    </Node>
                  </Node>
                  <Node Cat="O" Id="45" Rule="CL2Ox" Head="0">
                    <Node Cat="CL" Id="46" Rule="ClCl" Head="0">
                      <Node Cat="CL" Id="47" Rule="S-VC-P" Head="2">
                        <Node Cat="S" Id="48" Rule="Np2S" Head="0">
                          <Node Cat="np" Id="49" Rule="Pron2NP" Head="0">
                            <Node Cat="pron" Id="50" morphId="600050120151" Unicode="ταύτην" Lemma="οὗτος" Lang="G" StrongNumber="G37780" Morph="RD,,,,AFS," Type="Demonstrative" Case="Accusative" Gender="Feminine" Number="Singular" English="this">ταύτην</Node>
                          </Node>
                        </Node>
                        <Node Cat="VC" Id="51" Rule="vp2VC" Head="0">
                          <Node Cat="vp" Id="52" Rule="V2VP" Head="0">
                            <Node Cat="verb" Id="53" morphId="600050120161" Unicode="εἶναι" Lemma="εἰμί" Lang="G" StrongNumber="G15100" Morph="V,NPA,,,,," Mood="Infinitive" Tense="Present" Voice="Active" English="is">εἶναι</Node>
                          </Node>
                        </Node>
                        <Node Cat="P" Id="54" Rule="Np2P" Head="0">
                          <Node Cat="np" Id="55" Rule="AdjpNp" Head="1">
                            <Node Cat="adjp" Id="56" Rule="Adj2Adjp" Head="0">
                              <Node Cat="adj" Id="57" morphId="600050120171" Unicode="ἀληθῆ" Lemma="ἀληθής" Lang="G" StrongNumber="G02270" Morph="AA,,,,AFS," Type="Ascriptive" Case="Accusative" Gender="Feminine" Number="Singular" English="true">ἀληθῆ</Node>
                            </Node>
                            <Node Cat="np" Id="58" Rule="NPofNP" Head="0">
                              <Node Cat="np" Id="59" Rule="N2NP" Head="0">
                                <Node Cat="noun" Id="60" morphId="600050120181" Unicode="χάριν" Lemma="χάρις" Lang="G" StrongNumber="G54850" Morph="N,,,,,AFS," Case="Accusative" Gender="Feminine" Number="Singular" English="grace">χάριν</Node>
                              </Node>
                              <Node Cat="np" Id="61" Rule="DetNP" Head="1">
                                <Node Cat="det" Id="62" morphId="600050120191" Unicode="τοῦ" Lemma="ὁ" Lang="G" StrongNumber="G35880" Morph="EA,,,,GMS," Type="Article" Case="Genitive" Gender="Masculine" Number="Singular">τοῦ</Node>
                                <Node Cat="np" Id="63" Rule="N2NP" Head="0">
                                  <Node Cat="noun" Id="64" morphId="600050120201" Unicode="Θεοῦ," Lemma="θεός" Lang="G" StrongNumber="G23160" Morph="N,,,,,GMS," Case="Genitive" Gender="Masculine" Number="Singular" English="of God">Θεοῦ,</Node>
                                </Node>
                              </Node>
                            </Node>
                          </Node>
                        </Node>
                      </Node>
                      <Node Cat="CL" Id="65" Rule="ADV-V" Head="1">
                        <Node Cat="ADV" Id="66" Rule="pp2ADV" Head="0">
                          <Node Cat="pp" Id="67" Rule="PrepNp" Head="1">
                            <Node Cat="prep" Id="68" morphId="600050120211" Unicode="εἰς" Lemma="εἰς" Lang="G" StrongNumber="G15190" Morph="P,,,,,A,,," Case="Accusative" English="in">εἰς</Node>
                            <Node Cat="np" Id="69" Rule="Pron2NP" Head="0">
                              <Node Cat="pron" Id="70" morphId="600050120221" Unicode="ἣν" Lemma="ὅς" Lang="G" StrongNumber="G37390" Morph="RR,,,,AFS," Type="Relative" Case="Accusative" Gender="Feminine" Number="Singular" English="which">ἣν</Node>
                            </Node>
                          </Node>
                        </Node>
                        <Node Cat="V" Id="71" Rule="Vp2V" Head="0">
                          <Node Cat="vp" Id="72" Rule="V2VP" Head="0">
                            <Node Cat="verb" Id="73" morphId="600050120231" Unicode="στῆτε." Lemma="ἵστημι" Lang="G" StrongNumber="G24760" Morph="V,MAA2,,P," Mood="Imperative" Tense="Aorist" Voice="Active" Person="Second" Number="Plural" English="stand firm">στῆτε.</Node>
                          </Node>
                        </Node>
                      </Node>
                    </Node>
                  </Node>
                </Node>
              </Node>
            </Node>
          </Node>
        </Node>
      </Tree>
    </Trees>
  </Sentence>
  <Sentence ID="60005013">
    <Trees>
      <Tree>
        <Node Cat="Verse" Id="1" Head="0">
          <Node Cat="CL" Id="2" Rule="V-O-S" Head="0">
            <Node Cat="V" Id="3" Rule="Vp2V" Head="0">
              <Node Cat="vp" Id="4" Rule="V2VP" Head="0">
                <Node Cat="verb" Id="5" morphId="600050130011" Unicode="ἀσπάζεται" Lemma="ἀσπάζομαι" Lang="G" StrongNumber="G07820" Morph="V,IPM3,,S," Mood="Indicative" Tense="Present" Voice="Middle" Person="Third" Number="Singular" English="sends ~ greetings">ἀσπάζεται</Node>
              </Node>
            </Node>
            <Node Cat="O" Id="6" Rule="Np2O" Head="0">
              <Node Cat="np" Id="7" Rule="Pron2NP" Head="0">
                <Node Cat="pron" Id="8" morphId="600050130021" Unicode="ὑμᾶς" Lemma="σύ" Lang="G" StrongNumber="G47710" Morph="RP,,,2A,P," Type="Personal" Person="Second" Case="Accusative" Number="Plural" English="you">ὑμᾶς</Node>
              </Node>
            </Node>
            <Node Cat="S" Id="9" Rule="Np2S" Head="0">
              <Node Cat="np" Id="10" Rule="NpaNp" Head="0">
                <Node Cat="np" Id="11" Rule="DetNP" Head="1">
                  <Node Cat="det" Id="12" morphId="600050130031" Unicode="ἡ" Lemma="ὁ" Lang="G" StrongNumber="G35880" Morph="EA,,,,NFS," Type="Article" Case="Nominative" Gender="Feminine" Number="Singular" English="she">ἡ</Node>
                  <Node Cat="np" Id="13" Rule="PpNp2Np" Head="1">
                    <Node Cat="pp" Id="14" Rule="PrepNp" Head="1">
                      <Node Cat="prep" Id="15" morphId="600050130041" Unicode="ἐν" Lemma="ἐν" Lang="G" StrongNumber="G17220" Morph="P,,,,,D,,," Case="Dative" English="in">ἐν</Node>
                      <Node Cat="np" Id="16" Rule="N2NP" Head="0">
                        <Node Cat="noun" Id="17" morphId="600050130051" Unicode="Βαβυλῶνι" Lemma="Βαβυλών" Lang="G" StrongNumber="G08970" Morph="N,,,,,DFS," Case="Dative" Gender="Feminine" Number="Singular" English="Babylon">Βαβυλῶνι</Node>
                      </Node>
                    </Node>
                    <Node Cat="np" Id="18" Rule="N2NP" Head="0">
                      <Node Cat="noun" Id="19" morphId="600050130061" Unicode="συνεκλεκτὴ," Lemma="συνεκλεκτός" Lang="G" StrongNumber="G48990" Morph="NS,,,,NFS," Type="Substantive_Adj" Case="Nominative" Gender="Feminine" Number="Singular" English="chosen together with">συνεκλεκτὴ,</Node>
                    </Node>
                  </Node>
                </Node>
                <Node Cat="conj" Id="20" morphId="600050130071" Unicode="καὶ" Lemma="καί" Lang="G" StrongNumber="G25320" Morph="CC,,,,,,,," Type="Coordinating" English="and">καὶ</Node>
                <Node Cat="np" Id="21" Rule="Np-Appos" Head="0">
                  <Node Cat="np" Id="22" Rule="N2NP" Head="0">
                    <Node Cat="noun" Id="23" morphId="600050130081" Unicode="Μᾶρκος," Lemma="Μᾶρκος" Lang="G" StrongNumber="G31380" Morph="N,,,,,NMS," Case="Nominative" Gender="Masculine" Number="Singular" English="Mark">Μᾶρκος,</Node>
                  </Node>
                  <Node Cat="np" Id="24" Rule="DetNP" Head="1">
                    <Node Cat="det" Id="25" morphId="600050130091" Unicode="ὁ" Lemma="ὁ" Lang="G" StrongNumber="G35880" Morph="EA,,,,NMS," Type="Article" Case="Nominative" Gender="Masculine" Number="Singular" English="the">ὁ</Node>
                    <Node Cat="np" Id="26" Rule="NPofNP" Head="0">
                      <Node Cat="np" Id="27" Rule="N2NP" Head="0">
                        <Node Cat="noun" Id="28" morphId="600050130101" Unicode="υἱός" Lemma="υἱός" Lang="G" StrongNumber="G52070" Morph="N,,,,,NMS," Case="Nominative" Gender="Masculine" Number="Singular" English="son">υἱός</Node>
                      </Node>
                      <Node Cat="np" Id="29" Rule="Pron2NP" Head="0">
                        <Node Cat="pron" Id="30" morphId="600050130111" Unicode="μου." Lemma="ἐγώ" Lang="G" StrongNumber="G14730" Morph="RP,,,1G,S," Type="Personal" Person="First" Case="Genitive" Number="Singular" English="of me">μου.</Node>
                      </Node>
                    </Node>
                  </Node>
                </Node>
              </Node>
            </Node>
          </Node>
        </Node>
      </Tree>
    </Trees>
  </Sentence>
  <Sentence ID="60005014">
    <Trees>
      <Tree>
        <Node Cat="Verse" Id="1" Head="0">
          <Node Cat="CL" Id="2" Rule="V-O-ADV" Head="0">
            <Node Cat="V" Id="3" Rule="Vp2V" Head="0">
              <Node Cat="vp" Id="4" Rule="V2VP" Head="0">
                <Node Cat="verb" Id="5" morphId="600050140011" Unicode="ἀσπάσασθε" Lemma="ἀσπάζομαι" Lang="G" StrongNumber="G07820" Morph="V,MAM2,,P," Mood="Imperative" Tense="Aorist" Voice="Middle" Person="Second" Number="Plural" English="greet">ἀσπάσασθε</Node>
              </Node>
            </Node>
            <Node Cat="O" Id="6" Rule="Np2O" Head="0">
              <Node Cat="np" Id="7" Rule="Pron2NP" Head="0">
                <Node Cat="pron" Id="8" morphId="600050140021" Unicode="ἀλλήλους" Lemma="ἀλλήλων" Lang="G" StrongNumber="G02400" Morph="RC,,,,AMP," Type="Reciprocal" Case="Accusative" Gender="Masculine" Number="Plural" English="one another">ἀλλήλους</Node>
              </Node>
            </Node>
            <Node Cat="ADV" Id="9" Rule="pp2ADV" Head="0">
              <Node Cat="pp" Id="10" Rule="PrepNp" Head="1">
                <Node Cat="prep" Id="11" morphId="600050140031" Unicode="ἐν" Lemma="ἐν" Lang="G" StrongNumber="G17220" Morph="P,,,,,D,,," Case="Dative" English="with">ἐν</Node>
                <Node Cat="np" Id="12" Rule="NPofNP" Head="0">
                  <Node Cat="np" Id="13" Rule="N2NP" Head="0">
                    <Node Cat="noun" Id="14" morphId="600050140041" Unicode="φιλήματι" Lemma="φίλημα" Lang="G" StrongNumber="G53700" Morph="N,,,,,DNS," Case="Dative" Gender="Neuter" Number="Singular" English="a kiss">φιλήματι</Node>
                  </Node>
                  <Node Cat="np" Id="15" Rule="N2NP" Head="0">
                    <Node Cat="noun" Id="16" morphId="600050140051" Unicode="ἀγάπης." Lemma="ἀγάπη" Lang="G" StrongNumber="G00260" Morph="N,,,,,GFS," Case="Genitive" Gender="Feminine" Number="Singular" English="of love">ἀγάπης.</Node>
                  </Node>
                </Node>
              </Node>
            </Node>
          </Node>
          <Node Cat="CL" Id="17" Rule="S-IO" Head="0">
            <Node Cat="S" Id="18" Rule="Np2S" Head="0">
              <Node Cat="np" Id="19" Rule="N2NP" Head="0">
                <Node Cat="noun" Id="20" morphId="600050140061" Unicode="εἰρήνη" Lemma="εἰρήνη" Lang="G" StrongNumber="G15150" Morph="N,,,,,NFS," Case="Nominative" Gender="Feminine" Number="Singular" English="peace">εἰρήνη</Node>
              </Node>
            </Node>
            <Node Cat="IO" Id="21" Rule="Np2IO" Head="0">
              <Node Cat="np" Id="22" Rule="Np-Appos" Head="0">
                <Node Cat="np" Id="23" Rule="Pron2NP" Head="0">
                  <Node Cat="pron" Id="24" morphId="600050140071" Unicode="ὑμῖν" Lemma="σύ" Lang="G" StrongNumber="G47710" Morph="RP,,,2D,P," Type="Personal" Person="Second" Case="Dative" Number="Plural" English="to you">ὑμῖν</Node>
                </Node>
                <Node Cat="np" Id="25" Rule="All-NP" Head="1">
                  <Node Cat="adjp" Id="26" Rule="Adj2Adjp" Head="0">
                    <Node Cat="adj" Id="27" Rule="u_Det2Adj" Head="0">
                      <Node Cat="det" Id="28" morphId="600050140081" Unicode="πᾶσιν," Lemma="πᾶς" Lang="G" StrongNumber="G39560" Morph="EQ,,,,DMP," Type="Quantifier" Case="Dative" Gender="Masculine" Number="Plural" English="all">πᾶσιν,</Node>
                    </Node>
                  </Node>
                  <Node Cat="np" Id="29" Rule="NpPp" Head="0">
                    <Node Cat="np" Id="30" Rule="Pron2NP" Head="0">
                      <Node Cat="pron" Id="31" morphId="600050140091" Unicode="τοῖς" Lemma="ὁ" Lang="G" StrongNumber="G35880" Morph="RR,,,,DMP," Type="Relative" Case="Dative" Gender="Masculine" Number="Plural" English="who">τοῖς</Node>
                    </Node>
                    <Node Cat="pp" Id="32" Rule="PrepNp" Head="1">
                      <Node Cat="prep" Id="33" morphId="600050140101" Unicode="ἐν" Lemma="ἐν" Lang="G" StrongNumber="G17220" Morph="P,,,,,D,,," Case="Dative" English="in">ἐν</Node>
                      <Node Cat="np" Id="34" Rule="N2NP" Head="0">
                        <Node Cat="noun" Id="35" morphId="600050140111" Unicode="Χριστῷ." Lemma="χριστός" Lang="G" StrongNumber="G55470" Morph="N,,,,,DMS," Case="Dative" Gender="Masculine" Number="Singular" English="Christ">Χριστῷ.</Node>
                      </Node>
                    </Node>
                  </Node>
                </Node>
              </Node>
            </Node>
          </Node>
        </Node>
      </Tree>
    </Trees>
  </Sentence>
</Sentences>
