﻿<?xml version="1.0" encoding ="utf-8"?>
<!-- Automatically created at 9/15/2022 10:20:00 AM by CreateTreesUGNT - © 2022 Cherith Analytics® -->
<Sentences>
  <Sentence ID="52001001">
    <Trees>
      <Tree>
        <Node Cat="Verse" Id="1" Head="0">
          <Node Cat="CL" Id="2" Rule="S-IO" Head="0">
            <Node Cat="S" Id="3" Rule="Np2S" Head="0">
              <Node Cat="np" Id="4" Rule="Conj3Np" Head="0">
                <Node Cat="np" Id="5" Rule="N2NP" Head="0">
                  <Node Cat="noun" Id="6" morphId="520010010011" Unicode="Παῦλος," Lemma="Παῦλος" Lang="G" StrongNumber="G39720" Morph="N,,,,,NMS," Case="Nominative" Gender="Masculine" Number="Singular" English="Paul">Παῦλος,</Node>
                </Node>
                <Node Cat="conj" Id="7" morphId="520010010021" Unicode="καὶ" Lemma="καί" Lang="G" StrongNumber="G25320" Morph="CC,,,,,,,," Type="Coordinating" English="and">καὶ</Node>
                <Node Cat="np" Id="8" Rule="N2NP" Head="0">
                  <Node Cat="noun" Id="9" morphId="520010010031" Unicode="Σιλουανὸς," Lemma="Σιλουανός" Lang="G" StrongNumber="G46100" Morph="N,,,,,NMS," Case="Nominative" Gender="Masculine" Number="Singular" English="Silvanus">Σιλουανὸς,</Node>
                </Node>
                <Node Cat="conj" Id="10" morphId="520010010041" Unicode="καὶ" Lemma="καί" Lang="G" StrongNumber="G25320" Morph="CC,,,,,,,," Type="Coordinating" English="and">καὶ</Node>
                <Node Cat="np" Id="11" Rule="N2NP" Head="0">
                  <Node Cat="noun" Id="12" morphId="520010010051" Unicode="Τιμόθεος;" Lemma="Τιμόθεος" Lang="G" StrongNumber="G50950" Morph="N,,,,,NMS," Case="Nominative" Gender="Masculine" Number="Singular" English="Timothy">Τιμόθεος;</Node>
                </Node>
              </Node>
            </Node>
            <Node Cat="IO" Id="13" Rule="Np2IO" Head="0">
              <Node Cat="np" Id="14" Rule="DetNP" Head="1">
                <Node Cat="det" Id="15" morphId="520010010061" Unicode="τῇ" Lemma="ὁ" Lang="G" StrongNumber="G35880" Morph="EA,,,,DFS," Type="Article" Case="Dative" Gender="Feminine" Number="Singular" English="the">τῇ</Node>
                <Node Cat="np" Id="16" Rule="NpPp" Head="0">
                  <Node Cat="np" Id="17" Rule="NPofNP" Head="0">
                    <Node Cat="np" Id="18" Rule="N2NP" Head="0">
                      <Node Cat="noun" Id="19" morphId="520010010071" Unicode="ἐκκλησίᾳ" Lemma="ἐκκλησία" Lang="G" StrongNumber="G15770" Morph="N,,,,,DFS," Case="Dative" Gender="Feminine" Number="Singular" English="to ~ church">ἐκκλησίᾳ</Node>
                    </Node>
                    <Node Cat="np" Id="20" Rule="N2NP" Head="0">
                      <Node Cat="noun" Id="21" morphId="520010010081" Unicode="Θεσσαλονικέων" Lemma="Θεσσαλονικεύς" Lang="G" StrongNumber="G23310" Morph="N,,,,,GMP," Case="Genitive" Gender="Masculine" Number="Plural" English="of ~ Thessalonians">Θεσσαλονικέων</Node>
                    </Node>
                  </Node>
                  <Node Cat="pp" Id="22" Rule="PrepNp" Head="1">
                    <Node Cat="prep" Id="23" morphId="520010010091" Unicode="ἐν" Lemma="ἐν" Lang="G" StrongNumber="G17220" Morph="P,,,,,D,,," Case="Dative" English="in">ἐν</Node>
                    <Node Cat="np" Id="24" Rule="NpaNp" Head="0">
                      <Node Cat="np" Id="25" Rule="Np-Appos" Head="0">
                        <Node Cat="np" Id="26" Rule="N2NP" Head="0">
                          <Node Cat="noun" Id="27" morphId="520010010101" Unicode="Θεῷ" Lemma="θεός" Lang="G" StrongNumber="G23160" Morph="N,,,,,DMS," Case="Dative" Gender="Masculine" Number="Singular" English="God">Θεῷ</Node>
                        </Node>
                        <Node Cat="np" Id="28" Rule="N2NP" Head="0">
                          <Node Cat="noun" Id="29" morphId="520010010111" Unicode="Πατρὶ" Lemma="πατήρ" Lang="G" StrongNumber="G39620" Morph="N,,,,,DMS," Case="Dative" Gender="Masculine" Number="Singular" English="father">Πατρὶ</Node>
                        </Node>
                      </Node>
                      <Node Cat="conj" Id="30" morphId="520010010121" Unicode="καὶ" Lemma="καί" Lang="G" StrongNumber="G25320" Morph="CC,,,,,,,," Type="Coordinating" English="and">καὶ</Node>
                      <Node Cat="np" Id="31" Rule="Np-Appos" Head="0">
                        <Node Cat="np" Id="32" Rule="N2NP" Head="0">
                          <Node Cat="noun" Id="33" morphId="520010010131" Unicode="Κυρίῳ" Lemma="κύριος" Lang="G" StrongNumber="G29620" Morph="N,,,,,DMS," Case="Dative" Gender="Masculine" Number="Singular" English="Lord">Κυρίῳ</Node>
                        </Node>
                        <Node Cat="np" Id="34" Rule="Np-Appos" Head="0">
                          <Node Cat="np" Id="35" Rule="N2NP" Head="0">
                            <Node Cat="noun" Id="36" morphId="520010010141" Unicode="Ἰησοῦ" Lemma="Ἰησοῦς" Lang="G" StrongNumber="G24240" Morph="N,,,,,DMS," Case="Dative" Gender="Masculine" Number="Singular" English="Jesus">Ἰησοῦ</Node>
                          </Node>
                          <Node Cat="np" Id="37" Rule="N2NP" Head="0">
                            <Node Cat="noun" Id="38" morphId="520010010151" Unicode="Χριστῷ:" Lemma="χριστός" Lang="G" StrongNumber="G55470" Morph="N,,,,,DMS," Case="Dative" Gender="Masculine" Number="Singular" English="Christ">Χριστῷ:</Node>
                          </Node>
                        </Node>
                      </Node>
                    </Node>
                  </Node>
                </Node>
              </Node>
            </Node>
          </Node>
          <Node Cat="CL" Id="39" Rule="IO-S" Head="1">
            <Node Cat="IO" Id="40" Rule="Np2IO" Head="0">
              <Node Cat="np" Id="41" Rule="Pron2NP" Head="0">
                <Node Cat="pron" Id="42" morphId="520010010171" Unicode="ὑμῖν" Lemma="σύ" Lang="G" StrongNumber="G47710" Morph="RP,,,2D,P," Type="Personal" Person="Second" Case="Dative" Number="Plural" English="to you">ὑμῖν</Node>
              </Node>
            </Node>
            <Node Cat="S" Id="43" Rule="Np2S" Head="0">
              <Node Cat="np" Id="44" Rule="NpaNp" Head="0">
                <Node Cat="np" Id="45" Rule="N2NP" Head="0">
                  <Node Cat="noun" Id="46" morphId="520010010161" Unicode="χάρις" Lemma="χάρις" Lang="G" StrongNumber="G54850" Morph="N,,,,,NFS," Case="Nominative" Gender="Feminine" Number="Singular" English="grace">χάρις</Node>
                </Node>
                <Node Cat="conj" Id="47" morphId="520010010181" Unicode="καὶ" Lemma="καί" Lang="G" StrongNumber="G25320" Morph="CC,,,,,,,," Type="Coordinating" English="and">καὶ</Node>
                <Node Cat="np" Id="48" Rule="N2NP" Head="0">
                  <Node Cat="noun" Id="49" morphId="520010010191" Unicode="εἰρήνη." Lemma="εἰρήνη" Lang="G" StrongNumber="G15150" Morph="N,,,,,NFS," Case="Nominative" Gender="Feminine" Number="Singular" English="peace">εἰρήνη.</Node>
                </Node>
              </Node>
            </Node>
          </Node>
        </Node>
      </Tree>
    </Trees>
  </Sentence>
  <Sentence ID="52001002">
    <Trees>
      <Tree>
        <Node Cat="Verse" Id="1" Head="0">
          <Node Cat="CL" Id="2" Rule="V-O-ADV-ADV-ADV" Head="0">
            <Node Cat="V" Id="3" Rule="Vp2V" Head="0">
              <Node Cat="vp" Id="4" Rule="V2VP" Head="0">
                <Node Cat="verb" Id="5" morphId="520010020011" Unicode="εὐχαριστοῦμεν" Lemma="εὐχαριστέω" Lang="G" StrongNumber="G21680" Morph="V,IPA1,,P," Mood="Indicative" Tense="Present" Voice="Active" Person="First" Number="Plural" English="we give thanks">εὐχαριστοῦμεν</Node>
              </Node>
            </Node>
            <Node Cat="O" Id="6" Rule="Np2O" Head="0">
              <Node Cat="np" Id="7" Rule="DetNP" Head="1">
                <Node Cat="det" Id="8" morphId="520010020021" Unicode="τῷ" Lemma="ὁ" Lang="G" StrongNumber="G35880" Morph="EA,,,,DMS," Type="Article" Case="Dative" Gender="Masculine" Number="Singular">τῷ</Node>
                <Node Cat="np" Id="9" Rule="N2NP" Head="0">
                  <Node Cat="noun" Id="10" morphId="520010020031" Unicode="Θεῷ" Lemma="θεός" Lang="G" StrongNumber="G23160" Morph="N,,,,,DMS," Case="Dative" Gender="Masculine" Number="Singular" English="to God">Θεῷ</Node>
                </Node>
              </Node>
            </Node>
            <Node Cat="ADV" Id="11" Rule="Advp2ADV" Head="0">
              <Node Cat="advp" Id="12" Rule="Adv2Advp" Head="0">
                <Node Cat="adv" Id="13" morphId="520010020041" Unicode="πάντοτε" Lemma="πάντοτε" Lang="G" StrongNumber="G38420" Morph="D,,,,,,,,," English="always">πάντοτε</Node>
              </Node>
            </Node>
            <Node Cat="ADV" Id="14" Rule="pp2ADV" Head="0">
              <Node Cat="pp" Id="15" Rule="PrepNp" Head="1">
                <Node Cat="prep" Id="16" morphId="520010020051" Unicode="περὶ" Lemma="περί" Lang="G" StrongNumber="G40120" Morph="P,,,,,G,,," Case="Genitive" English="for">περὶ</Node>
                <Node Cat="np" Id="17" Rule="Demo-NP" Head="1">
                  <Node Cat="np" Id="18" Rule="Pron2NP" Head="0">
                    <Node Cat="pron" Id="19" morphId="520010020061" Unicode="πάντων" Lemma="πᾶς" Lang="G" StrongNumber="G39560" Morph="RI,,,,GMP," Type="Indefinite" Case="Genitive" Gender="Masculine" Number="Plural" English="all">πάντων</Node>
                  </Node>
                  <Node Cat="np" Id="20" Rule="Pron2NP" Head="0">
                    <Node Cat="pron" Id="21" morphId="520010020071" Unicode="ὑμῶν," Lemma="σύ" Lang="G" StrongNumber="G47710" Morph="RP,,,2G,P," Type="Personal" Person="Second" Case="Genitive" Number="Plural" English="of you">ὑμῶν,</Node>
                  </Node>
                </Node>
              </Node>
            </Node>
            <Node Cat="ADV" Id="22" Rule="CL2ADV" Head="0">
              <Node Cat="CL" Id="23" Rule="O-V-ADV" Head="1">
                <Node Cat="O" Id="24" Rule="Np2O" Head="0">
                  <Node Cat="np" Id="25" Rule="N2NP" Head="0">
                    <Node Cat="noun" Id="26" morphId="520010020081" Unicode="μνείαν" Lemma="μνεία" Lang="G" StrongNumber="G34170" Morph="N,,,,,AFS," Case="Accusative" Gender="Feminine" Number="Singular" English="mention">μνείαν</Node>
                  </Node>
                </Node>
                <Node Cat="V" Id="27" Rule="Vp2V" Head="0">
                  <Node Cat="vp" Id="28" Rule="V2VP" Head="0">
                    <Node Cat="verb" Id="29" morphId="520010020091" Unicode="ποιούμενοι" Lemma="ποιέω" Lang="G" StrongNumber="G41600" Morph="V,PPM,NMP," Mood="Participle" Tense="Present" Voice="Middle" Case="Nominative" Gender="Masculine" Number="Plural" English="making">ποιούμενοι</Node>
                  </Node>
                </Node>
                <Node Cat="ADV" Id="30" Rule="pp2ADV" Head="0">
                  <Node Cat="pp" Id="31" Rule="PrepNp" Head="1">
                    <Node Cat="prep" Id="32" morphId="520010020101" Unicode="ἐπὶ" Lemma="ἐπί" Lang="G" StrongNumber="G19090" Morph="P,,,,,G,,," Case="Genitive" English="in">ἐπὶ</Node>
                    <Node Cat="np" Id="33" Rule="DetNP" Head="1">
                      <Node Cat="det" Id="34" morphId="520010020111" Unicode="τῶν" Lemma="ὁ" Lang="G" StrongNumber="G35880" Morph="EA,,,,GFP," Type="Article" Case="Genitive" Gender="Feminine" Number="Plural" English="the">τῶν</Node>
                      <Node Cat="np" Id="35" Rule="NPofNP" Head="0">
                        <Node Cat="np" Id="36" Rule="N2NP" Head="0">
                          <Node Cat="noun" Id="37" morphId="520010020121" Unicode="προσευχῶν" Lemma="προσευχή" Lang="G" StrongNumber="G43350" Morph="N,,,,,GFP," Case="Genitive" Gender="Feminine" Number="Plural" English="prayers">προσευχῶν</Node>
                        </Node>
                        <Node Cat="np" Id="38" Rule="Pron2NP" Head="0">
                          <Node Cat="pron" Id="39" morphId="520010020131" Unicode="ἡμῶν," Lemma="ἐγώ" Lang="G" StrongNumber="G14730" Morph="RP,,,1G,P," Type="Personal" Person="First" Case="Genitive" Number="Plural" English="of us">ἡμῶν,</Node>
                        </Node>
                      </Node>
                    </Node>
                  </Node>
                </Node>
              </Node>
            </Node>
          </Node>
          <Node Cat="ADV" Id="40" Rule="Advp2ADV" Head="0">
            <Node Cat="advp" Id="41" Rule="Adv2Advp" Head="0">
              <Node Cat="adv" Id="42" morphId="520010020141" Unicode="ἀδιαλείπτως" Lemma="ἀδιαλείπτως" Lang="G" StrongNumber="G00890" Morph="D,,,,,,,,," English="constantly">ἀδιαλείπτως</Node>
            </Node>
          </Node>
        </Node>
      </Tree>
    </Trees>
  </Sentence>
  <Sentence ID="52001003">
    <Trees>
      <Tree>
        <Node Cat="Verse" Id="1" Head="0">
          <Node Cat="CL" Id="2" Rule="V-O-ADV" Head="0">
            <Node Cat="V" Id="3" Rule="Vp2V" Head="0">
              <Node Cat="vp" Id="4" Rule="V2VP" Head="0">
                <Node Cat="verb" Id="5" morphId="520010030011" Unicode="μνημονεύοντες" Lemma="μνημονεύω" Lang="G" StrongNumber="G34210" Morph="V,PPA,NMP," Mood="Participle" Tense="Present" Voice="Active" Case="Nominative" Gender="Masculine" Number="Plural" English="remembering">μνημονεύοντες</Node>
              </Node>
            </Node>
            <Node Cat="O" Id="6" Rule="Np2O" Head="0">
              <Node Cat="np" Id="7" Rule="ofNPNP" Head="1">
                <Node Cat="np" Id="8" Rule="Pron2NP" Head="0">
                  <Node Cat="pron" Id="9" morphId="520010030021" Unicode="ὑμῶν" Lemma="σύ" Lang="G" StrongNumber="G47710" Morph="RP,,,2G,P," Type="Personal" Person="Second" Case="Genitive" Number="Plural" English="your">ὑμῶν</Node>
                </Node>
                <Node Cat="np" Id="10" Rule="Conj3Np" Head="0">
                  <Node Cat="np" Id="11" Rule="DetNP" Head="1">
                    <Node Cat="det" Id="12" morphId="520010030031" Unicode="τοῦ" Lemma="ὁ" Lang="G" StrongNumber="G35880" Morph="EA,,,,GNS," Type="Article" Case="Genitive" Gender="Neuter" Number="Singular">τοῦ</Node>
                    <Node Cat="np" Id="13" Rule="NPofNP" Head="0">
                      <Node Cat="np" Id="14" Rule="N2NP" Head="0">
                        <Node Cat="noun" Id="15" morphId="520010030041" Unicode="ἔργου" Lemma="ἔργον" Lang="G" StrongNumber="G20410" Morph="N,,,,,GNS," Case="Genitive" Gender="Neuter" Number="Singular" English="work">ἔργου</Node>
                      </Node>
                      <Node Cat="np" Id="16" Rule="DetNP" Head="1">
                        <Node Cat="det" Id="17" morphId="520010030051" Unicode="τῆς" Lemma="ὁ" Lang="G" StrongNumber="G35880" Morph="EA,,,,GFS," Type="Article" Case="Genitive" Gender="Feminine" Number="Singular">τῆς</Node>
                        <Node Cat="np" Id="18" Rule="N2NP" Head="0">
                          <Node Cat="noun" Id="19" morphId="520010030061" Unicode="πίστεως," Lemma="πίστις" Lang="G" StrongNumber="G41020" Morph="N,,,,,GFS," Case="Genitive" Gender="Feminine" Number="Singular" English="of faith">πίστεως,</Node>
                        </Node>
                      </Node>
                    </Node>
                  </Node>
                  <Node Cat="conj" Id="20" morphId="520010030071" Unicode="καὶ" Lemma="καί" Lang="G" StrongNumber="G25320" Morph="CC,,,,,,,," Type="Coordinating" English="and">καὶ</Node>
                  <Node Cat="np" Id="21" Rule="DetNP" Head="1">
                    <Node Cat="det" Id="22" morphId="520010030081" Unicode="τοῦ" Lemma="ὁ" Lang="G" StrongNumber="G35880" Morph="EA,,,,GMS," Type="Article" Case="Genitive" Gender="Masculine" Number="Singular">τοῦ</Node>
                    <Node Cat="np" Id="23" Rule="NPofNP" Head="0">
                      <Node Cat="np" Id="24" Rule="N2NP" Head="0">
                        <Node Cat="noun" Id="25" morphId="520010030091" Unicode="κόπου" Lemma="κόπος" Lang="G" StrongNumber="G28730" Morph="N,,,,,GMS," Case="Genitive" Gender="Masculine" Number="Singular" English="labor">κόπου</Node>
                      </Node>
                      <Node Cat="np" Id="26" Rule="DetNP" Head="1">
                        <Node Cat="det" Id="27" morphId="520010030101" Unicode="τῆς" Lemma="ὁ" Lang="G" StrongNumber="G35880" Morph="EA,,,,GFS," Type="Article" Case="Genitive" Gender="Feminine" Number="Singular">τῆς</Node>
                        <Node Cat="np" Id="28" Rule="N2NP" Head="0">
                          <Node Cat="noun" Id="29" morphId="520010030111" Unicode="ἀγάπης," Lemma="ἀγάπη" Lang="G" StrongNumber="G00260" Morph="N,,,,,GFS," Case="Genitive" Gender="Feminine" Number="Singular" English="of love">ἀγάπης,</Node>
                        </Node>
                      </Node>
                    </Node>
                  </Node>
                  <Node Cat="conj" Id="30" morphId="520010030121" Unicode="καὶ" Lemma="καί" Lang="G" StrongNumber="G25320" Morph="CC,,,,,,,," Type="Coordinating" English="and">καὶ</Node>
                  <Node Cat="np" Id="31" Rule="DetNP" Head="1">
                    <Node Cat="det" Id="32" morphId="520010030131" Unicode="τῆς" Lemma="ὁ" Lang="G" StrongNumber="G35880" Morph="EA,,,,GFS," Type="Article" Case="Genitive" Gender="Feminine" Number="Singular">τῆς</Node>
                    <Node Cat="np" Id="33" Rule="NPofNP" Head="0">
                      <Node Cat="np" Id="34" Rule="N2NP" Head="0">
                        <Node Cat="noun" Id="35" morphId="520010030141" Unicode="ὑπομονῆς" Lemma="ὑπομονή" Lang="G" StrongNumber="G52810" Morph="N,,,,,GFS," Case="Genitive" Gender="Feminine" Number="Singular" English="steadfastness">ὑπομονῆς</Node>
                      </Node>
                      <Node Cat="np" Id="36" Rule="DetNP" Head="1">
                        <Node Cat="det" Id="37" morphId="520010030151" Unicode="τῆς" Lemma="ὁ" Lang="G" StrongNumber="G35880" Morph="EA,,,,GFS," Type="Article" Case="Genitive" Gender="Feminine" Number="Singular">τῆς</Node>
                        <Node Cat="np" Id="38" Rule="NPofNP" Head="0">
                          <Node Cat="np" Id="39" Rule="N2NP" Head="0">
                            <Node Cat="noun" Id="40" morphId="520010030161" Unicode="ἐλπίδος" Lemma="ἐλπίς" Lang="G" StrongNumber="G16800" Morph="N,,,,,GFS," Case="Genitive" Gender="Feminine" Number="Singular" English="of hope">ἐλπίδος</Node>
                          </Node>
                          <Node Cat="np" Id="41" Rule="Np-Appos" Head="0">
                            <Node Cat="np" Id="42" Rule="DetNP" Head="1">
                              <Node Cat="det" Id="43" morphId="520010030171" Unicode="τοῦ" Lemma="ὁ" Lang="G" StrongNumber="G35880" Morph="EA,,,,GMS," Type="Article" Case="Genitive" Gender="Masculine" Number="Singular" English="ofin the">τοῦ</Node>
                              <Node Cat="np" Id="44" Rule="NPofNP" Head="0">
                                <Node Cat="np" Id="45" Rule="N2NP" Head="0">
                                  <Node Cat="noun" Id="46" morphId="520010030181" Unicode="Κυρίου" Lemma="κύριος" Lang="G" StrongNumber="G29620" Morph="N,,,,,GMS," Case="Genitive" Gender="Masculine" Number="Singular" English="in ~ Lord">Κυρίου</Node>
                                </Node>
                                <Node Cat="np" Id="47" Rule="Pron2NP" Head="0">
                                  <Node Cat="pron" Id="48" morphId="520010030191" Unicode="ἡμῶν," Lemma="ἐγώ" Lang="G" StrongNumber="G14730" Morph="RP,,,1G,P," Type="Personal" Person="First" Case="Genitive" Number="Plural" English="of us">ἡμῶν,</Node>
                                </Node>
                              </Node>
                            </Node>
                            <Node Cat="np" Id="49" Rule="Np-Appos" Head="0">
                              <Node Cat="np" Id="50" Rule="N2NP" Head="0">
                                <Node Cat="noun" Id="51" morphId="520010030201" Unicode="Ἰησοῦ" Lemma="Ἰησοῦς" Lang="G" StrongNumber="G24240" Morph="N,,,,,GMS," Case="Genitive" Gender="Masculine" Number="Singular" English="Jesus">Ἰησοῦ</Node>
                              </Node>
                              <Node Cat="np" Id="52" Rule="N2NP" Head="0">
                                <Node Cat="noun" Id="53" morphId="520010030211" Unicode="Χριστοῦ," Lemma="χριστός" Lang="G" StrongNumber="G55470" Morph="N,,,,,GMS," Case="Genitive" Gender="Masculine" Number="Singular" English="Christ">Χριστοῦ,</Node>
                              </Node>
                            </Node>
                          </Node>
                        </Node>
                      </Node>
                    </Node>
                  </Node>
                </Node>
              </Node>
            </Node>
            <Node Cat="ADV" Id="54" Rule="pp2ADV" Head="0">
              <Node Cat="pp" Id="55" Rule="PrepNp" Head="1">
                <Node Cat="prep" Id="56" morphId="520010030221" Unicode="ἔμπροσθεν" Lemma="ἔμπροσθεν" Lang="G" StrongNumber="G17150" Morph="PI,,,,G,,," Type="Improper" Case="Genitive" English="before">ἔμπροσθεν</Node>
                <Node Cat="np" Id="57" Rule="DetNP" Head="1">
                  <Node Cat="det" Id="58" morphId="520010030231" Unicode="τοῦ" Lemma="ὁ" Lang="G" StrongNumber="G35880" Morph="EA,,,,GMS," Type="Article" Case="Genitive" Gender="Masculine" Number="Singular" English="the">τοῦ</Node>
                  <Node Cat="np" Id="59" Rule="NPofNP" Head="0">
                    <Node Cat="np" Id="60" Rule="NpaNp" Head="0">
                      <Node Cat="np" Id="61" Rule="N2NP" Head="0">
                        <Node Cat="noun" Id="62" morphId="520010030241" Unicode="Θεοῦ" Lemma="θεός" Lang="G" StrongNumber="G23160" Morph="N,,,,,GMS," Case="Genitive" Gender="Masculine" Number="Singular" English="God">Θεοῦ</Node>
                      </Node>
                      <Node Cat="conj" Id="63" morphId="520010030251" Unicode="καὶ" Lemma="καί" Lang="G" StrongNumber="G25320" Morph="CC,,,,,,,," Type="Coordinating" English="and">καὶ</Node>
                      <Node Cat="np" Id="64" Rule="N2NP" Head="0">
                        <Node Cat="noun" Id="65" morphId="520010030261" Unicode="Πατρὸς" Lemma="πατήρ" Lang="G" StrongNumber="G39620" Morph="N,,,,,GMS," Case="Genitive" Gender="Masculine" Number="Singular" English="father">Πατρὸς</Node>
                      </Node>
                    </Node>
                    <Node Cat="np" Id="66" Rule="Pron2NP" Head="0">
                      <Node Cat="pron" Id="67" morphId="520010030271" Unicode="ἡμῶν;" Lemma="ἐγώ" Lang="G" StrongNumber="G14730" Morph="RP,,,1G,P," Type="Personal" Person="First" Case="Genitive" Number="Plural" English="of us">ἡμῶν;</Node>
                    </Node>
                  </Node>
                </Node>
              </Node>
            </Node>
          </Node>
        </Node>
      </Tree>
    </Trees>
  </Sentence>
  <Sentence ID="52001004">
    <Trees>
      <Tree>
        <Node Cat="Verse" Id="1" Head="0">
          <Node Cat="ADV" Id="2" Rule="CL2ADV" Head="0">
            <Node Cat="CL" Id="3" Rule="V-O" Head="0">
              <Node Cat="V" Id="4" Rule="Vp2V" Head="0">
                <Node Cat="vp" Id="5" Rule="V2VP" Head="0">
                  <Node Cat="verb" Id="6" morphId="520010040011" Unicode="εἰδότες," Lemma="εἴδω" Lang="G" StrongNumber="G14920" Morph="V,PEA,NMP," Mood="Participle" Tense="Perfect" Voice="Active" Case="Nominative" Gender="Masculine" Number="Plural" English="knowing">εἰδότες,</Node>
                </Node>
              </Node>
              <Node Cat="O" Id="7" Rule="Np2O" Head="0">
                <Node Cat="np" Id="8" Rule="DetNP" Head="1">
                  <Node Cat="det" Id="9" morphId="520010040071" Unicode="τὴν" Lemma="ὁ" Lang="G" StrongNumber="G35880" Morph="EA,,,,AFS," Type="Article" Case="Accusative" Gender="Feminine" Number="Singular" English="that">τὴν</Node>
                  <Node Cat="np" Id="10" Rule="NPofNP" Head="0">
                    <Node Cat="np" Id="11" Rule="N2NP" Head="0">
                      <Node Cat="noun" Id="12" morphId="520010040081" Unicode="ἐκλογὴν" Lemma="ἐκλογή" Lang="G" StrongNumber="G15890" Morph="N,,,,,AFS," Case="Accusative" Gender="Feminine" Number="Singular" English="chosen">ἐκλογὴν</Node>
                    </Node>
                    <Node Cat="np" Id="13" Rule="Pron2NP" Head="0">
                      <Node Cat="pron" Id="14" morphId="520010040091" Unicode="ὑμῶν," Lemma="σύ" Lang="G" StrongNumber="G47710" Morph="RP,,,2G,P," Type="Personal" Person="Second" Case="Genitive" Number="Plural" English="of you">ὑμῶν,</Node>
                    </Node>
                  </Node>
                </Node>
              </Node>
            </Node>
          </Node>
          <Node Cat="CL" Id="15" Rule="Np2CL" Head="0">
            <Node Cat="np" Id="16" Rule="NpAdjp" Head="0">
              <Node Cat="np" Id="17" Rule="N2NP" Head="0">
                <Node Cat="noun" Id="18" morphId="520010040021" Unicode="ἀδελφοὶ" Lemma="ἀδελφός" Lang="G" StrongNumber="G00800" Morph="N,,,,,VMP," Case="Vocative" Gender="Masculine" Number="Plural" English="brothers">ἀδελφοὶ</Node>
              </Node>
              <Node Cat="adjp" Id="19" Rule="CL2Adjp" Head="0">
                <Node Cat="CL" Id="20" Rule="V-ADV" Head="0">
                  <Node Cat="V" Id="21" Rule="Vp2V" Head="0">
                    <Node Cat="vp" Id="22" Rule="V2VP" Head="0">
                      <Node Cat="verb" Id="23" morphId="520010040031" Unicode="ἠγαπημένοι" Lemma="ἀγαπάω" Lang="G" StrongNumber="G00250" Morph="V,PEP,VMP," Mood="Participle" Tense="Perfect" Voice="Passive" Case="Vocative" Gender="Masculine" Number="Plural" English="loved">ἠγαπημένοι</Node>
                    </Node>
                  </Node>
                  <Node Cat="ADV" Id="24" Rule="pp2ADV" Head="0">
                    <Node Cat="pp" Id="25" Rule="PrepNp" Head="1">
                      <Node Cat="prep" Id="26" morphId="520010040041" Unicode="ὑπὸ" Lemma="ὑπό" Lang="G" StrongNumber="G52590" Morph="P,,,,,G,,," Case="Genitive" English="by">ὑπὸ</Node>
                      <Node Cat="np" Id="27" Rule="DetNP" Head="1">
                        <Node Cat="det" Id="28" morphId="520010040051" Unicode="τοῦ" Lemma="ὁ" Lang="G" StrongNumber="G35880" Morph="EA,,,,GMS," Type="Article" Case="Genitive" Gender="Masculine" Number="Singular">τοῦ</Node>
                        <Node Cat="np" Id="29" Rule="N2NP" Head="0">
                          <Node Cat="noun" Id="30" morphId="520010040061" Unicode="Θεοῦ," Lemma="θεός" Lang="G" StrongNumber="G23160" Morph="N,,,,,GMS," Case="Genitive" Gender="Masculine" Number="Singular" English="God">Θεοῦ,</Node>
                        </Node>
                      </Node>
                    </Node>
                  </Node>
                </Node>
              </Node>
            </Node>
          </Node>
        </Node>
      </Tree>
    </Trees>
  </Sentence>
  <Sentence ID="52001005">
    <Trees>
      <Tree>
        <Node Cat="Verse" Id="1" Head="0">
          <Node Cat="CL" Id="2" Rule="sub-CL" Head="1">
            <Node Cat="conj" Id="3" morphId="520010050011" Unicode="ὅτι" Lemma="ὅτι" Lang="G" StrongNumber="G37540" Morph="CS,,,,,,,," Type="Subordinating" English="because">ὅτι</Node>
            <Node Cat="CL" Id="4" Rule="ClCl" Head="0">
              <Node Cat="CL" Id="5" Rule="S-V-ADV-ADV" Head="1">
                <Node Cat="S" Id="6" Rule="Np2S" Head="0">
                  <Node Cat="np" Id="7" Rule="DetNP" Head="1">
                    <Node Cat="det" Id="8" morphId="520010050021" Unicode="τὸ" Lemma="ὁ" Lang="G" StrongNumber="G35880" Morph="EA,,,,NNS," Type="Article" Case="Nominative" Gender="Neuter" Number="Singular" English="the">τὸ</Node>
                    <Node Cat="np" Id="9" Rule="NPofNP" Head="0">
                      <Node Cat="np" Id="10" Rule="N2NP" Head="0">
                        <Node Cat="noun" Id="11" morphId="520010050031" Unicode="εὐαγγέλιον" Lemma="εὐαγγέλιον" Lang="G" StrongNumber="G20980" Morph="N,,,,,NNS," Case="Nominative" Gender="Neuter" Number="Singular" English="gospel">εὐαγγέλιον</Node>
                      </Node>
                      <Node Cat="np" Id="12" Rule="Pron2NP" Head="0">
                        <Node Cat="pron" Id="13" morphId="520010050041" Unicode="ἡμῶν" Lemma="ἐγώ" Lang="G" StrongNumber="G14730" Morph="RP,,,1G,P," Type="Personal" Person="First" Case="Genitive" Number="Plural" English="of us">ἡμῶν</Node>
                      </Node>
                    </Node>
                  </Node>
                </Node>
                <Node Cat="V" Id="14" Rule="Vp2V" Head="0">
                  <Node Cat="vp" Id="15" Rule="V2VP" Head="0">
                    <Node Cat="verb" Id="16" morphId="520010050061" Unicode="ἐγενήθη" Lemma="γίνομαι" Lang="G" StrongNumber="G10960" Morph="V,IAP3,,S," Mood="Indicative" Tense="Aorist" Voice="Passive" Person="Third" Number="Singular" English="did ~ come">ἐγενήθη</Node>
                  </Node>
                </Node>
                <Node Cat="ADV" Id="17" Rule="pp2ADV" Head="0">
                  <Node Cat="pp" Id="18" Rule="PrepNp" Head="1">
                    <Node Cat="prep" Id="19" morphId="520010050071" Unicode="εἰς" Lemma="εἰς" Lang="G" StrongNumber="G15190" Morph="P,,,,,A,,," Case="Accusative" English="to">εἰς</Node>
                    <Node Cat="np" Id="20" Rule="Pron2NP" Head="0">
                      <Node Cat="pron" Id="21" morphId="520010050081" Unicode="ὑμᾶς" Lemma="σύ" Lang="G" StrongNumber="G47710" Morph="RP,,,2A,P," Type="Personal" Person="Second" Case="Accusative" Number="Plural" English="you">ὑμᾶς</Node>
                    </Node>
                  </Node>
                </Node>
                <Node Cat="ADV" Id="22" Rule="pp2ADV" Head="0">
                  <Node Cat="pp" Id="23" Rule="notPPbutPP" Head="3">
                    <Node Cat="advp" Id="24" Rule="Adv2Advp" Head="0">
                      <Node Cat="adv" Id="25" morphId="520010050051" Unicode="οὐκ" Lemma="οὐ" Lang="G" StrongNumber="G37560" Morph="DO,,,,,,,," Type="Correlative" English="not">οὐκ</Node>
                    </Node>
                    <Node Cat="pp" Id="26" Rule="PpAdvp" Head="0">
                      <Node Cat="pp" Id="27" Rule="PrepNp" Head="1">
                        <Node Cat="prep" Id="28" morphId="520010050091" Unicode="ἐν" Lemma="ἐν" Lang="G" StrongNumber="G17220" Morph="P,,,,,D,,," Case="Dative" English="in">ἐν</Node>
                        <Node Cat="np" Id="29" Rule="N2NP" Head="0">
                          <Node Cat="noun" Id="30" morphId="520010050101" Unicode="λόγῳ" Lemma="λόγος" Lang="G" StrongNumber="G30560" Morph="N,,,,,DMS," Case="Dative" Gender="Masculine" Number="Singular" English="word">λόγῳ</Node>
                        </Node>
                      </Node>
                      <Node Cat="advp" Id="31" Rule="Adv2Advp" Head="0">
                        <Node Cat="adv" Id="32" morphId="520010050111" Unicode="μόνον," Lemma="μόνον" Lang="G" StrongNumber="G34400" Morph="D,,,,,,,,," English="only">μόνον,</Node>
                      </Node>
                    </Node>
                    <Node Cat="conj" Id="33" morphId="520010050121" Unicode="ἀλλὰ" Lemma="ἀλλά" Lang="G" StrongNumber="G02350" Morph="CO,,,,,,,," Type="Correlative" English="but">ἀλλὰ</Node>
                    <Node Cat="pp" Id="34" Rule="AdvPp" Head="1">
                      <Node Cat="advp" Id="35" Rule="Adv2Advp" Head="0">
                        <Node Cat="adv" Id="36" morphId="520010050131" Unicode="καὶ" Lemma="καί" Lang="G" StrongNumber="G25320" Morph="D,,,,,,,,," English="also">καὶ</Node>
                      </Node>
                      <Node Cat="pp" Id="37" Rule="Conj2Pp" Head="0">
                        <Node Cat="pp" Id="38" Rule="PrepNp" Head="1">
                          <Node Cat="prep" Id="39" morphId="520010050141" Unicode="ἐν" Lemma="ἐν" Lang="G" StrongNumber="G17220" Morph="P,,,,,D,,," Case="Dative" English="in">ἐν</Node>
                          <Node Cat="np" Id="40" Rule="N2NP" Head="0">
                            <Node Cat="noun" Id="41" morphId="520010050151" Unicode="δυνάμει," Lemma="δύναμις" Lang="G" StrongNumber="G14110" Morph="N,,,,,DFS," Case="Dative" Gender="Feminine" Number="Singular" English="power">δυνάμει,</Node>
                          </Node>
                        </Node>
                        <Node Cat="conj" Id="42" morphId="520010050161" Unicode="καὶ" Lemma="καί" Lang="G" StrongNumber="G25320" Morph="CC,,,,,,,," Type="Coordinating" English="and">καὶ</Node>
                        <Node Cat="pp" Id="43" Rule="PrepNp" Head="1">
                          <Node Cat="prep" Id="44" morphId="520010050171" Unicode="ἐν" Lemma="ἐν" Lang="G" StrongNumber="G17220" Morph="P,,,,,D,,," Case="Dative" English="in">ἐν</Node>
                          <Node Cat="np" Id="45" Rule="NpaNp" Head="0">
                            <Node Cat="np" Id="46" Rule="NpAdjp" Head="0">
                              <Node Cat="np" Id="47" Rule="N2NP" Head="0">
                                <Node Cat="noun" Id="48" morphId="520010050181" Unicode="Πνεύματι" Lemma="πνεῦμα" Lang="G" StrongNumber="G41510" Morph="N,,,,,DNS," Case="Dative" Gender="Neuter" Number="Singular" English="Spirit">Πνεύματι</Node>
                              </Node>
                              <Node Cat="adjp" Id="49" Rule="Adj2Adjp" Head="0">
                                <Node Cat="adj" Id="50" morphId="520010050191" Unicode="Ἁγίῳ," Lemma="ἅγιος" Lang="G" StrongNumber="G00400" Morph="AA,,,,DNS," Type="Ascriptive" Case="Dative" Gender="Neuter" Number="Singular" English="Holy">Ἁγίῳ,</Node>
                              </Node>
                            </Node>
                            <Node Cat="conj" Id="51" morphId="520010050201" Unicode="καὶ" Lemma="καί" Lang="G" StrongNumber="G25320" Morph="CC,,,,,,,," Type="Coordinating" English="and">καὶ</Node>
                            <Node Cat="np" Id="52" Rule="NpAdjp" Head="0">
                              <Node Cat="np" Id="53" Rule="N2NP" Head="0">
                                <Node Cat="noun" Id="54" morphId="520010050211" Unicode="πληροφορίᾳ" Lemma="πληροφορία" Lang="G" StrongNumber="G41360" Morph="N,,,,,DFS," Case="Dative" Gender="Feminine" Number="Singular" English="conviction">πληροφορίᾳ</Node>
                              </Node>
                              <Node Cat="adjp" Id="55" Rule="Adj2Adjp" Head="0">
                                <Node Cat="adj" Id="56" Rule="u_Det2Adj" Head="0">
                                  <Node Cat="det" Id="57" morphId="520010050221" Unicode="πολλῇ," Lemma="πολλός" Lang="G" StrongNumber="G41830" Morph="EQ,,,,DFS," Type="Quantifier" Case="Dative" Gender="Feminine" Number="Singular" English="full">πολλῇ,</Node>
                                </Node>
                              </Node>
                            </Node>
                          </Node>
                        </Node>
                      </Node>
                    </Node>
                  </Node>
                </Node>
              </Node>
              <Node Cat="CL" Id="58" Rule="sub-CL" Head="1">
                <Node Cat="conj" Id="59" Rule="Adv2Conj" Head="0">
                  <Node Cat="adv" Id="60" morphId="520010050231" Unicode="καθὼς" Lemma="καθώς" Lang="G" StrongNumber="G25310" Morph="D,,,,,,,,," English="just as">καθὼς</Node>
                </Node>
                <Node Cat="CL" Id="61" Rule="V-O" Head="0">
                  <Node Cat="V" Id="62" Rule="Vp2V" Head="0">
                    <Node Cat="vp" Id="63" Rule="V2VP" Head="0">
                      <Node Cat="verb" Id="64" morphId="520010050241" Unicode="οἴδατε" Lemma="οἶδα" Lang="G" StrongNumber="G14920" Morph="V,IEA2,,P," Mood="Indicative" Tense="Perfect" Voice="Active" Person="Second" Number="Plural" English="you know">οἴδατε</Node>
                    </Node>
                  </Node>
                  <Node Cat="O" Id="65" Rule="CL2Ox" Head="0">
                    <Node Cat="CL" Id="66" Rule="P-VC-ADV-ADV" Head="0">
                      <Node Cat="P" Id="67" Rule="Np2P" Head="0">
                        <Node Cat="np" Id="68" Rule="Pron2NP" Head="0">
                          <Node Cat="pron" Id="69" morphId="520010050251" Unicode="οἷοι" Lemma="οἷος" Lang="G" StrongNumber="G36340" Morph="RR,,,,NMP," Type="Relative" Case="Nominative" Gender="Masculine" Number="Plural" English="what kind of men">οἷοι</Node>
                        </Node>
                      </Node>
                      <Node Cat="VC" Id="70" Rule="vp2VC" Head="0">
                        <Node Cat="vp" Id="71" Rule="V2VP" Head="0">
                          <Node Cat="verb" Id="72" morphId="520010050261" Unicode="ἐγενήθημεν" Lemma="γίνομαι" Lang="G" StrongNumber="G10960" Morph="V,IAP1,,P," Mood="Indicative" Tense="Aorist" Voice="Passive" Person="First" Number="Plural" English="we proved to be">ἐγενήθημεν</Node>
                        </Node>
                      </Node>
                      <Node Cat="ADV" Id="73" Rule="pp2ADV" Head="0">
                        <Node Cat="pp" Id="74" Rule="PrepNp" Head="1">
                          <Node Cat="prep" Id="75" morphId="520010050271" Unicode="ἐν" Lemma="ἐν" Lang="G" StrongNumber="G17220" Morph="P,,,,,D,,," Case="Dative" English="among">ἐν</Node>
                          <Node Cat="np" Id="76" Rule="Pron2NP" Head="0">
                            <Node Cat="pron" Id="77" morphId="520010050281" Unicode="ὑμῖν" Lemma="σύ" Lang="G" StrongNumber="G47710" Morph="RP,,,2D,P," Type="Personal" Person="Second" Case="Dative" Number="Plural" English="you">ὑμῖν</Node>
                          </Node>
                        </Node>
                      </Node>
                      <Node Cat="ADV" Id="78" Rule="pp2ADV" Head="0">
                        <Node Cat="pp" Id="79" Rule="PrepNp" Head="1">
                          <Node Cat="prep" Id="80" morphId="520010050291" Unicode="δι’" Lemma="διά" Lang="G" StrongNumber="G12230" Morph="P,,,,,A,,," Case="Accusative" English="for ~ sake">δι’</Node>
                          <Node Cat="np" Id="81" Rule="Pron2NP" Head="0">
                            <Node Cat="pron" Id="82" morphId="520010050301" Unicode="ὑμᾶς." Lemma="σύ" Lang="G" StrongNumber="G47710" Morph="RP,,,2A,P," Type="Personal" Person="Second" Case="Accusative" Number="Plural" English="you">ὑμᾶς.</Node>
                          </Node>
                        </Node>
                      </Node>
                    </Node>
                  </Node>
                </Node>
              </Node>
            </Node>
          </Node>
        </Node>
      </Tree>
    </Trees>
  </Sentence>
  <Sentence ID="52001006">
    <Trees>
      <Tree>
        <Node Cat="Verse" Id="1" Head="0">
          <Node Cat="CL" Id="2" Rule="Conj-CL" Head="1">
            <Node Cat="conj" Id="3" morphId="520010060011" Unicode="καὶ" Lemma="καί" Lang="G" StrongNumber="G25320" Morph="CC,,,,,,,," Type="Coordinating" English="and">καὶ</Node>
            <Node Cat="CL" Id="4" Rule="S-VC-P-ADV" Head="2">
              <Node Cat="S" Id="5" Rule="Np2S" Head="0">
                <Node Cat="np" Id="6" Rule="Pron2NP" Head="0">
                  <Node Cat="pron" Id="7" morphId="520010060021" Unicode="ὑμεῖς" Lemma="σύ" Lang="G" StrongNumber="G47710" Morph="RP,,,2N,P," Type="Personal" Person="Second" Case="Nominative" Number="Plural" English="you">ὑμεῖς</Node>
                </Node>
              </Node>
              <Node Cat="VC" Id="8" Rule="vp2VC" Head="0">
                <Node Cat="vp" Id="9" Rule="V2VP" Head="0">
                  <Node Cat="verb" Id="10" morphId="520010060051" Unicode="ἐγενήθητε" Lemma="γίνομαι" Lang="G" StrongNumber="G10960" Morph="V,IAP2,,P," Mood="Indicative" Tense="Aorist" Voice="Passive" Person="Second" Number="Plural" English="became">ἐγενήθητε</Node>
                </Node>
              </Node>
              <Node Cat="P" Id="11" Rule="Np2P" Head="0">
                <Node Cat="np" Id="12" Rule="NPofNP" Head="0">
                  <Node Cat="np" Id="13" Rule="N2NP" Head="0">
                    <Node Cat="noun" Id="14" morphId="520010060031" Unicode="μιμηταὶ" Lemma="μιμητής" Lang="G" StrongNumber="G34020" Morph="N,,,,,NMP," Case="Nominative" Gender="Masculine" Number="Plural" English="imitators">μιμηταὶ</Node>
                  </Node>
                  <Node Cat="np" Id="15" Rule="NpaNp" Head="0">
                    <Node Cat="np" Id="16" Rule="Pron2NP" Head="0">
                      <Node Cat="pron" Id="17" morphId="520010060041" Unicode="ἡμῶν" Lemma="ἐγώ" Lang="G" StrongNumber="G14730" Morph="RP,,,1G,P," Type="Personal" Person="First" Case="Genitive" Number="Plural" English="of us">ἡμῶν</Node>
                    </Node>
                    <Node Cat="conj" Id="18" morphId="520010060061" Unicode="καὶ" Lemma="καί" Lang="G" StrongNumber="G25320" Morph="CC,,,,,,,," Type="Coordinating" English="and">καὶ</Node>
                    <Node Cat="np" Id="19" Rule="DetNP" Head="1">
                      <Node Cat="det" Id="20" morphId="520010060071" Unicode="τοῦ" Lemma="ὁ" Lang="G" StrongNumber="G35880" Morph="EA,,,,GMS," Type="Article" Case="Genitive" Gender="Masculine" Number="Singular" English="the">τοῦ</Node>
                      <Node Cat="np" Id="21" Rule="N2NP" Head="0">
                        <Node Cat="noun" Id="22" morphId="520010060081" Unicode="Κυρίου," Lemma="κύριος" Lang="G" StrongNumber="G29620" Morph="N,,,,,GMS," Case="Genitive" Gender="Masculine" Number="Singular" English="of ~ Lord">Κυρίου,</Node>
                      </Node>
                    </Node>
                  </Node>
                </Node>
              </Node>
              <Node Cat="ADV" Id="23" Rule="CL2ADV" Head="0">
                <Node Cat="CL" Id="24" Rule="V-O-ADV-ADV" Head="0">
                  <Node Cat="V" Id="25" Rule="Vp2V" Head="0">
                    <Node Cat="vp" Id="26" Rule="V2VP" Head="0">
                      <Node Cat="verb" Id="27" morphId="520010060091" Unicode="δεξάμενοι" Lemma="δέχομαι" Lang="G" StrongNumber="G12090" Morph="V,PAM,NMP," Mood="Participle" Tense="Aorist" Voice="Middle" Case="Nominative" Gender="Masculine" Number="Plural" English="welcomed">δεξάμενοι</Node>
                    </Node>
                  </Node>
                  <Node Cat="O" Id="28" Rule="Np2O" Head="0">
                    <Node Cat="np" Id="29" Rule="DetNP" Head="1">
                      <Node Cat="det" Id="30" morphId="520010060101" Unicode="τὸν" Lemma="ὁ" Lang="G" StrongNumber="G35880" Morph="EA,,,,AMS," Type="Article" Case="Accusative" Gender="Masculine" Number="Singular" English="the">τὸν</Node>
                      <Node Cat="np" Id="31" Rule="N2NP" Head="0">
                        <Node Cat="noun" Id="32" morphId="520010060111" Unicode="λόγον" Lemma="λόγος" Lang="G" StrongNumber="G30560" Morph="N,,,,,AMS," Case="Accusative" Gender="Masculine" Number="Singular" English="word">λόγον</Node>
                      </Node>
                    </Node>
                  </Node>
                  <Node Cat="ADV" Id="33" Rule="pp2ADV" Head="0">
                    <Node Cat="pp" Id="34" Rule="PrepNp" Head="1">
                      <Node Cat="prep" Id="35" morphId="520010060121" Unicode="ἐν" Lemma="ἐν" Lang="G" StrongNumber="G17220" Morph="P,,,,,D,,," Case="Dative" English="in">ἐν</Node>
                      <Node Cat="np" Id="36" Rule="NpAdjp" Head="0">
                        <Node Cat="np" Id="37" Rule="N2NP" Head="0">
                          <Node Cat="noun" Id="38" morphId="520010060131" Unicode="θλίψει" Lemma="θλῖψις" Lang="G" StrongNumber="G23470" Morph="N,,,,,DFS," Case="Dative" Gender="Feminine" Number="Singular" English="affliction">θλίψει</Node>
                        </Node>
                        <Node Cat="adjp" Id="39" Rule="Adj2Adjp" Head="0">
                          <Node Cat="adj" Id="40" Rule="u_Det2Adj" Head="0">
                            <Node Cat="det" Id="41" morphId="520010060141" Unicode="πολλῇ" Lemma="πολλός" Lang="G" StrongNumber="G41830" Morph="EQ,,,,DFS," Type="Quantifier" Case="Dative" Gender="Feminine" Number="Singular" English="much">πολλῇ</Node>
                          </Node>
                        </Node>
                      </Node>
                    </Node>
                  </Node>
                  <Node Cat="ADV" Id="42" Rule="pp2ADV" Head="0">
                    <Node Cat="pp" Id="43" Rule="PrepNp" Head="1">
                      <Node Cat="prep" Id="44" morphId="520010060151" Unicode="μετὰ" Lemma="μετά" Lang="G" StrongNumber="G33260" Morph="P,,,,,G,,," Case="Genitive" English="with">μετὰ</Node>
                      <Node Cat="np" Id="45" Rule="NPofNP" Head="0">
                        <Node Cat="np" Id="46" Rule="N2NP" Head="0">
                          <Node Cat="noun" Id="47" morphId="520010060161" Unicode="χαρᾶς" Lemma="χαρά" Lang="G" StrongNumber="G54790" Morph="N,,,,,GFS," Case="Genitive" Gender="Feminine" Number="Singular" English="joy">χαρᾶς</Node>
                        </Node>
                        <Node Cat="np" Id="48" Rule="NpAdjp" Head="0">
                          <Node Cat="np" Id="49" Rule="N2NP" Head="0">
                            <Node Cat="noun" Id="50" morphId="520010060171" Unicode="Πνεύματος" Lemma="πνεῦμα" Lang="G" StrongNumber="G41510" Morph="N,,,,,GNS," Case="Genitive" Gender="Neuter" Number="Singular" English="of ~ Spirit">Πνεύματος</Node>
                          </Node>
                          <Node Cat="adjp" Id="51" Rule="Adj2Adjp" Head="0">
                            <Node Cat="adj" Id="52" morphId="520010060181" Unicode="Ἁγίου," Lemma="ἅγιος" Lang="G" StrongNumber="G00400" Morph="AA,,,,GNS," Type="Ascriptive" Case="Genitive" Gender="Neuter" Number="Singular" English="Holy">Ἁγίου,</Node>
                          </Node>
                        </Node>
                      </Node>
                    </Node>
                  </Node>
                </Node>
              </Node>
            </Node>
          </Node>
        </Node>
      </Tree>
    </Trees>
  </Sentence>
  <Sentence ID="52001007">
    <Trees>
      <Tree>
        <Node Cat="Verse" Id="1" Head="0">
          <Node Cat="ADV" Id="2" Rule="CL2ADV" Head="0">
            <Node Cat="CL" Id="3" Rule="sub-CL" Head="1">
              <Node Cat="conj" Id="4" morphId="520010070011" Unicode="ὥστε" Lemma="ὥστε" Lang="G" StrongNumber="G56200" Morph="CS,,,,,,,," Type="Subordinating" English="so that">ὥστε</Node>
              <Node Cat="CL" Id="5" Rule="VC-S-P-ADV" Head="2">
                <Node Cat="VC" Id="6" Rule="vp2VC" Head="0">
                  <Node Cat="vp" Id="7" Rule="V2VP" Head="0">
                    <Node Cat="verb" Id="8" morphId="520010070021" Unicode="γενέσθαι" Lemma="γίνομαι" Lang="G" StrongNumber="G10960" Morph="V,NAM,,,,," Mood="Infinitive" Tense="Aorist" Voice="Middle" English="became">γενέσθαι</Node>
                  </Node>
                </Node>
                <Node Cat="S" Id="9" Rule="Np2S" Head="0">
                  <Node Cat="np" Id="10" Rule="Pron2NP" Head="0">
                    <Node Cat="pron" Id="11" morphId="520010070031" Unicode="ὑμᾶς" Lemma="σύ" Lang="G" StrongNumber="G47710" Morph="RP,,,2A,P," Type="Personal" Person="Second" Case="Accusative" Number="Plural" English="you">ὑμᾶς</Node>
                  </Node>
                </Node>
                <Node Cat="P" Id="12" Rule="Np2P" Head="0">
                  <Node Cat="np" Id="13" Rule="N2NP" Head="0">
                    <Node Cat="noun" Id="14" morphId="520010070041" Unicode="τύπους" Lemma="τύπος" Lang="G" StrongNumber="G51790" Morph="N,,,,,AMP," Case="Accusative" Gender="Masculine" Number="Plural" English="an example">τύπους</Node>
                  </Node>
                </Node>
                <Node Cat="ADV" Id="15" Rule="Np2ADV" Head="0">
                  <Node Cat="np" Id="16" Rule="Demo-NP" Head="1">
                    <Node Cat="np" Id="17" Rule="Pron2NP" Head="0">
                      <Node Cat="pron" Id="18" morphId="520010070051" Unicode="πᾶσιν" Lemma="πᾶς" Lang="G" StrongNumber="G39560" Morph="RI,,,,DMP," Type="Indefinite" Case="Dative" Gender="Masculine" Number="Plural" English="all">πᾶσιν</Node>
                    </Node>
                    <Node Cat="np" Id="19" Rule="NpPp" Head="0">
                      <Node Cat="np" Id="20" Rule="DetCL" Head="1">
                        <Node Cat="det" Id="21" Rule="u_Pron2Det" Head="0">
                          <Node Cat="pron" Id="22" morphId="520010070061" Unicode="τοῖς" Lemma="ὁ" Lang="G" StrongNumber="G35880" Morph="RD,,,,DMP," Type="Demonstrative" Case="Dative" Gender="Masculine" Number="Plural" English="the">τοῖς</Node>
                        </Node>
                        <Node Cat="CL" Id="23" Rule="V2CL" Head="0">
                          <Node Cat="V" Id="24" Rule="Vp2V" Head="0">
                            <Node Cat="vp" Id="25" Rule="V2VP" Head="0">
                              <Node Cat="verb" Id="26" morphId="520010070071" Unicode="πιστεύουσιν" Lemma="πιστεύω" Lang="G" StrongNumber="G41000" Morph="V,PPA,DMP," Mood="Participle" Tense="Present" Voice="Active" Case="Dative" Gender="Masculine" Number="Plural" English="to ~ believers">πιστεύουσιν</Node>
                            </Node>
                          </Node>
                        </Node>
                      </Node>
                      <Node Cat="pp" Id="27" Rule="Conj2Pp" Head="0">
                        <Node Cat="pp" Id="28" Rule="PrepNp" Head="1">
                          <Node Cat="prep" Id="29" morphId="520010070081" Unicode="ἐν" Lemma="ἐν" Lang="G" StrongNumber="G17220" Morph="P,,,,,D,,," Case="Dative" English="in">ἐν</Node>
                          <Node Cat="np" Id="30" Rule="DetNP" Head="1">
                            <Node Cat="det" Id="31" morphId="520010070091" Unicode="τῇ" Lemma="ὁ" Lang="G" StrongNumber="G35880" Morph="EA,,,,DFS," Type="Article" Case="Dative" Gender="Feminine" Number="Singular">τῇ</Node>
                            <Node Cat="np" Id="32" Rule="N2NP" Head="0">
                              <Node Cat="noun" Id="33" morphId="520010070101" Unicode="Μακεδονίᾳ" Lemma="Μακεδονία" Lang="G" StrongNumber="G31090" Morph="N,,,,,DFS," Case="Dative" Gender="Feminine" Number="Singular" English="Macedonia">Μακεδονίᾳ</Node>
                            </Node>
                          </Node>
                        </Node>
                        <Node Cat="conj" Id="34" morphId="520010070111" Unicode="καὶ" Lemma="καί" Lang="G" StrongNumber="G25320" Morph="CC,,,,,,,," Type="Coordinating" English="and">καὶ</Node>
                        <Node Cat="pp" Id="35" Rule="PrepNp" Head="1">
                          <Node Cat="prep" Id="36" morphId="520010070121" Unicode="ἐν" Lemma="ἐν" Lang="G" StrongNumber="G17220" Morph="P,,,,,D,,," Case="Dative" English="in">ἐν</Node>
                          <Node Cat="np" Id="37" Rule="DetNP" Head="1">
                            <Node Cat="det" Id="38" morphId="520010070131" Unicode="τῇ" Lemma="ὁ" Lang="G" StrongNumber="G35880" Morph="EA,,,,DFS," Type="Article" Case="Dative" Gender="Feminine" Number="Singular">τῇ</Node>
                            <Node Cat="np" Id="39" Rule="N2NP" Head="0">
                              <Node Cat="noun" Id="40" morphId="520010070141" Unicode="Ἀχαΐᾳ." Lemma="Ἀχαΐα" Lang="G" StrongNumber="G08820" Morph="N,,,,,DFS," Case="Dative" Gender="Feminine" Number="Singular" English="Achaia">Ἀχαΐᾳ.</Node>
                            </Node>
                          </Node>
                        </Node>
                      </Node>
                    </Node>
                  </Node>
                </Node>
              </Node>
            </Node>
          </Node>
        </Node>
      </Tree>
    </Trees>
  </Sentence>
  <Sentence ID="52001008">
    <Trees>
      <Tree>
        <Node Cat="Verse" Id="1" Head="0">
          <Node Cat="CL" Id="2" Rule="Conj-CL" Head="1">
            <Node Cat="conj" Id="3" morphId="520010080031" Unicode="γὰρ" Lemma="γάρ" Lang="G" StrongNumber="G10630" Morph="CC,,,,,,,," Type="Coordinating" English="for">γὰρ</Node>
            <Node Cat="CL" Id="4" Rule="CLaCL" Head="0">
              <Node Cat="CL" Id="5" Rule="ADV-V-S-ADV-ADV-ADV" Head="1">
                <Node Cat="ADV" Id="6" Rule="pp2ADV" Head="0">
                  <Node Cat="pp" Id="7" Rule="PrepNp" Head="1">
                    <Node Cat="prep" Id="8" morphId="520010080011" Unicode="ἀφ’" Lemma="ἀπό" Lang="G" StrongNumber="G05750" Morph="P,,,,,G,,," Case="Genitive" English="from">ἀφ’</Node>
                    <Node Cat="np" Id="9" Rule="Pron2NP" Head="0">
                      <Node Cat="pron" Id="10" morphId="520010080021" Unicode="ὑμῶν" Lemma="σύ" Lang="G" StrongNumber="G47710" Morph="RP,,,2G,P," Type="Personal" Person="Second" Case="Genitive" Number="Plural" English="you">ὑμῶν</Node>
                    </Node>
                  </Node>
                </Node>
                <Node Cat="V" Id="11" Rule="Vp2V" Head="0">
                  <Node Cat="vp" Id="12" Rule="V2VP" Head="0">
                    <Node Cat="verb" Id="13" morphId="520010080041" Unicode="ἐξήχηται" Lemma="ἐξηχέω" Lang="G" StrongNumber="G18370" Morph="V,IEP3,,S," Mood="Indicative" Tense="Perfect" Voice="Passive" Person="Third" Number="Singular" English="has sounded forth">ἐξήχηται</Node>
                  </Node>
                </Node>
                <Node Cat="S" Id="14" Rule="Np2S" Head="0">
                  <Node Cat="np" Id="15" Rule="DetNP" Head="1">
                    <Node Cat="det" Id="16" morphId="520010080051" Unicode="ὁ" Lemma="ὁ" Lang="G" StrongNumber="G35880" Morph="EA,,,,NMS," Type="Article" Case="Nominative" Gender="Masculine" Number="Singular" English="the">ὁ</Node>
                    <Node Cat="np" Id="17" Rule="NPofNP" Head="0">
                      <Node Cat="np" Id="18" Rule="N2NP" Head="0">
                        <Node Cat="noun" Id="19" morphId="520010080061" Unicode="λόγος" Lemma="λόγος" Lang="G" StrongNumber="G30560" Morph="N,,,,,NMS," Case="Nominative" Gender="Masculine" Number="Singular" English="word">λόγος</Node>
                      </Node>
                      <Node Cat="np" Id="20" Rule="DetNP" Head="1">
                        <Node Cat="det" Id="21" morphId="520010080071" Unicode="τοῦ" Lemma="ὁ" Lang="G" StrongNumber="G35880" Morph="EA,,,,GMS," Type="Article" Case="Genitive" Gender="Masculine" Number="Singular" English="the">τοῦ</Node>
                        <Node Cat="np" Id="22" Rule="N2NP" Head="0">
                          <Node Cat="noun" Id="23" morphId="520010080081" Unicode="Κυρίου," Lemma="κύριος" Lang="G" StrongNumber="G29620" Morph="N,,,,,GMS," Case="Genitive" Gender="Masculine" Number="Singular" English="of ~ Lord">Κυρίου,</Node>
                        </Node>
                      </Node>
                    </Node>
                  </Node>
                </Node>
                <Node Cat="ADV" Id="24" Rule="Advp2ADV" Head="0">
                  <Node Cat="advp" Id="25" Rule="Adv2Advp" Head="0">
                    <Node Cat="adv" Id="26" morphId="520010080091" Unicode="οὐ" Lemma="οὐ" Lang="G" StrongNumber="G37560" Morph="DO,,,,,,,," Type="Correlative" English="not">οὐ</Node>
                  </Node>
                </Node>
                <Node Cat="ADV" Id="27" Rule="Advp2ADV" Head="0">
                  <Node Cat="advp" Id="28" Rule="Adv2Advp" Head="0">
                    <Node Cat="adv" Id="29" morphId="520010080101" Unicode="μόνον" Lemma="μόνον" Lang="G" StrongNumber="G34400" Morph="D,,,,,,,,," English="only">μόνον</Node>
                  </Node>
                </Node>
                <Node Cat="ADV" Id="30" Rule="pp2ADV" Head="0">
                  <Node Cat="pp" Id="31" Rule="Conj2Pp" Head="0">
                    <Node Cat="pp" Id="32" Rule="PrepNp" Head="1">
                      <Node Cat="prep" Id="33" morphId="520010080111" Unicode="ἐν" Lemma="ἐν" Lang="G" StrongNumber="G17220" Morph="P,,,,,D,,," Case="Dative" English="in">ἐν</Node>
                      <Node Cat="np" Id="34" Rule="DetNP" Head="1">
                        <Node Cat="det" Id="35" morphId="520010080121" Unicode="τῇ" Lemma="ὁ" Lang="G" StrongNumber="G35880" Morph="EA,,,,DFS," Type="Article" Case="Dative" Gender="Feminine" Number="Singular">τῇ</Node>
                        <Node Cat="np" Id="36" Rule="N2NP" Head="0">
                          <Node Cat="noun" Id="37" morphId="520010080131" Unicode="Μακεδονίᾳ" Lemma="Μακεδονία" Lang="G" StrongNumber="G31090" Morph="N,,,,,DFS," Case="Dative" Gender="Feminine" Number="Singular" English="Macedonia">Μακεδονίᾳ</Node>
                        </Node>
                      </Node>
                    </Node>
                    <Node Cat="conj" Id="38" morphId="520010080141" Unicode="καὶ" Lemma="καί" Lang="G" StrongNumber="G25320" Morph="CC,,,,,,,," Type="Coordinating" English="and">καὶ</Node>
                    <Node Cat="pp" Id="39" Rule="PrepNp" Head="1">
                      <Node Cat="prep" Id="40" morphId="520010080151" Unicode="ἐν" Lemma="ἐν" Lang="G" StrongNumber="G17220" Morph="P,,,,,D,,," Case="Dative" English="in">ἐν</Node>
                      <Node Cat="np" Id="41" Rule="DetNP" Head="1">
                        <Node Cat="det" Id="42" morphId="520010080161" Unicode="τῇ" Lemma="ὁ" Lang="G" StrongNumber="G35880" Morph="EA,,,,DFS," Type="Article" Case="Dative" Gender="Feminine" Number="Singular">τῇ</Node>
                        <Node Cat="np" Id="43" Rule="N2NP" Head="0">
                          <Node Cat="noun" Id="44" morphId="520010080171" Unicode="Ἀχαΐᾳ," Lemma="Ἀχαΐα" Lang="G" StrongNumber="G08820" Morph="N,,,,,DFS," Case="Dative" Gender="Feminine" Number="Singular" English="Achaia">Ἀχαΐᾳ,</Node>
                        </Node>
                      </Node>
                    </Node>
                  </Node>
                </Node>
              </Node>
              <Node Cat="conj" Id="45" morphId="520010080181" Unicode="ἀλλ’" Lemma="ἀλλά" Lang="G" StrongNumber="G02350" Morph="CO,,,,,,,," Type="Correlative" English="but">ἀλλ’</Node>
              <Node Cat="CL" Id="46" Rule="ADV-S-V-ADV" Head="2">
                <Node Cat="ADV" Id="47" Rule="pp2ADV" Head="0">
                  <Node Cat="pp" Id="48" Rule="PrepNp" Head="1">
                    <Node Cat="prep" Id="49" morphId="520010080191" Unicode="ἐν" Lemma="ἐν" Lang="G" StrongNumber="G17220" Morph="P,,,,,D,,," Case="Dative" English="in">ἐν</Node>
                    <Node Cat="np" Id="50" Rule="All-NP" Head="1">
                      <Node Cat="adjp" Id="51" Rule="Adj2Adjp" Head="0">
                        <Node Cat="adj" Id="52" Rule="u_Det2Adj" Head="0">
                          <Node Cat="det" Id="53" morphId="520010080201" Unicode="παντὶ" Lemma="πᾶς" Lang="G" StrongNumber="G39560" Morph="EQ,,,,DMS," Type="Quantifier" Case="Dative" Gender="Masculine" Number="Singular" English="every">παντὶ</Node>
                        </Node>
                      </Node>
                      <Node Cat="np" Id="54" Rule="N2NP" Head="0">
                        <Node Cat="noun" Id="55" morphId="520010080211" Unicode="τόπῳ" Lemma="τόπος" Lang="G" StrongNumber="G51170" Morph="N,,,,,DMS," Case="Dative" Gender="Masculine" Number="Singular" English="place">τόπῳ</Node>
                      </Node>
                    </Node>
                  </Node>
                </Node>
                <Node Cat="S" Id="56" Rule="Np2S" Head="0">
                  <Node Cat="np" Id="57" Rule="Np-Appos" Head="0">
                    <Node Cat="np" Id="58" Rule="DetNP" Head="1">
                      <Node Cat="det" Id="59" morphId="520010080221" Unicode="ἡ" Lemma="ὁ" Lang="G" StrongNumber="G35880" Morph="EA,,,,NFS," Type="Article" Case="Nominative" Gender="Feminine" Number="Singular" English="the">ἡ</Node>
                      <Node Cat="np" Id="60" Rule="NPofNP" Head="0">
                        <Node Cat="np" Id="61" Rule="N2NP" Head="0">
                          <Node Cat="noun" Id="62" morphId="520010080231" Unicode="πίστις" Lemma="πίστις" Lang="G" StrongNumber="G41020" Morph="N,,,,,NFS," Case="Nominative" Gender="Feminine" Number="Singular" English="faith">πίστις</Node>
                        </Node>
                        <Node Cat="np" Id="63" Rule="Pron2NP" Head="0">
                          <Node Cat="pron" Id="64" morphId="520010080241" Unicode="ὑμῶν" Lemma="σύ" Lang="G" StrongNumber="G47710" Morph="RP,,,2G,P," Type="Personal" Person="Second" Case="Genitive" Number="Plural" English="of you">ὑμῶν</Node>
                        </Node>
                      </Node>
                    </Node>
                    <Node Cat="np" Id="65" Rule="NpPp" Head="0">
                      <Node Cat="np" Id="66" Rule="Pron2NP" Head="0">
                        <Node Cat="pron" Id="67" morphId="520010080251" Unicode="ἡ" Lemma="ὁ" Lang="G" StrongNumber="G35880" Morph="RD,,,,NFS," Type="Demonstrative" Case="Nominative" Gender="Feminine" Number="Singular">ἡ</Node>
                      </Node>
                      <Node Cat="pp" Id="68" Rule="PrepNp" Head="1">
                        <Node Cat="prep" Id="69" morphId="520010080261" Unicode="πρὸς" Lemma="πρός" Lang="G" StrongNumber="G43140" Morph="P,,,,,A,,," Case="Accusative" English="in">πρὸς</Node>
                        <Node Cat="np" Id="70" Rule="DetNP" Head="1">
                          <Node Cat="det" Id="71" morphId="520010080271" Unicode="τὸν" Lemma="ὁ" Lang="G" StrongNumber="G35880" Morph="EA,,,,AMS," Type="Article" Case="Accusative" Gender="Masculine" Number="Singular">τὸν</Node>
                          <Node Cat="np" Id="72" Rule="N2NP" Head="0">
                            <Node Cat="noun" Id="73" morphId="520010080281" Unicode="Θεὸν" Lemma="θεός" Lang="G" StrongNumber="G23160" Morph="N,,,,,AMS," Case="Accusative" Gender="Masculine" Number="Singular" English="God">Θεὸν</Node>
                          </Node>
                        </Node>
                      </Node>
                    </Node>
                  </Node>
                </Node>
                <Node Cat="V" Id="74" Rule="Vp2V" Head="0">
                  <Node Cat="vp" Id="75" Rule="V2VP" Head="0">
                    <Node Cat="verb" Id="76" morphId="520010080291" Unicode="ἐξελήλυθεν," Lemma="ἐξέρχομαι" Lang="G" StrongNumber="G18310" Morph="V,IEA3,,S," Mood="Indicative" Tense="Perfect" Voice="Active" Person="Third" Number="Singular" English="has gone out">ἐξελήλυθεν,</Node>
                  </Node>
                </Node>
                <Node Cat="ADV" Id="77" Rule="CL2ADV" Head="0">
                  <Node Cat="CL" Id="78" Rule="sub-CL" Head="1">
                    <Node Cat="conj" Id="79" morphId="520010080301" Unicode="ὥστε" Lemma="ὥστε" Lang="G" StrongNumber="G56200" Morph="CS,,,,,,,," Type="Subordinating" English="so that">ὥστε</Node>
                    <Node Cat="CL" Id="80" Rule="ADV-O-V-S-ADV" Head="2">
                      <Node Cat="ADV" Id="81" Rule="Advp2ADV" Head="0">
                        <Node Cat="advp" Id="82" Rule="Adv2Advp" Head="0">
                          <Node Cat="adv" Id="83" morphId="520010080311" Unicode="μὴ" Lemma="μή" Lang="G" StrongNumber="G33610" Morph="D,,,,,,,,," English="not">μὴ</Node>
                        </Node>
                      </Node>
                      <Node Cat="O" Id="84" Rule="Np2O" Head="0">
                        <Node Cat="np" Id="85" Rule="N2NP" Head="0">
                          <Node Cat="noun" Id="86" morphId="520010080321" Unicode="χρείαν" Lemma="χρεία" Lang="G" StrongNumber="G55320" Morph="N,,,,,AFS," Case="Accusative" Gender="Feminine" Number="Singular" English="need">χρείαν</Node>
                        </Node>
                      </Node>
                      <Node Cat="V" Id="87" Rule="Vp2V" Head="0">
                        <Node Cat="vp" Id="88" Rule="V2VP" Head="0">
                          <Node Cat="verb" Id="89" morphId="520010080331" Unicode="ἔχειν" Lemma="ἔχω" Lang="G" StrongNumber="G21920" Morph="V,NPA,,,,," Mood="Infinitive" Tense="Present" Voice="Active" English="have">ἔχειν</Node>
                        </Node>
                      </Node>
                      <Node Cat="S" Id="90" Rule="Np2S" Head="0">
                        <Node Cat="np" Id="91" Rule="Pron2NP" Head="0">
                          <Node Cat="pron" Id="92" morphId="520010080341" Unicode="ἡμᾶς" Lemma="ἐγώ" Lang="G" StrongNumber="G14730" Morph="RP,,,1A,P," Type="Personal" Person="First" Case="Accusative" Number="Plural" English="we">ἡμᾶς</Node>
                        </Node>
                      </Node>
                      <Node Cat="ADV" Id="93" Rule="CL2ADV" Head="0">
                        <Node Cat="CL" Id="94" Rule="V-O" Head="0">
                          <Node Cat="V" Id="95" Rule="Vp2V" Head="0">
                            <Node Cat="vp" Id="96" Rule="V2VP" Head="0">
                              <Node Cat="verb" Id="97" morphId="520010080351" Unicode="λαλεῖν" Lemma="λαλέω" Lang="G" StrongNumber="G29800" Morph="V,NPA,,,,," Mood="Infinitive" Tense="Present" Voice="Active" English="to say">λαλεῖν</Node>
                            </Node>
                          </Node>
                          <Node Cat="O" Id="98" Rule="Np2O" Head="0">
                            <Node Cat="np" Id="99" Rule="Pron2NP" Head="0">
                              <Node Cat="pron" Id="100" morphId="520010080361" Unicode="τι." Lemma="τις" Lang="G" StrongNumber="G51000" Morph="RI,,,,ANS," Type="Indefinite" Case="Accusative" Gender="Neuter" Number="Singular" English="anything">τι.</Node>
                            </Node>
                          </Node>
                        </Node>
                      </Node>
                    </Node>
                  </Node>
                </Node>
              </Node>
            </Node>
          </Node>
        </Node>
      </Tree>
    </Trees>
  </Sentence>
  <Sentence ID="52001009">
    <Trees>
      <Tree>
        <Node Cat="Verse" Id="1" Head="0">
          <Node Cat="CL" Id="2" Rule="Conj-CL" Head="1">
            <Node Cat="conj" Id="3" morphId="520010090021" Unicode="γὰρ" Lemma="γάρ" Lang="G" StrongNumber="G10630" Morph="CC,,,,,,,," Type="Coordinating" English="for">γὰρ</Node>
            <Node Cat="CL" Id="4" Rule="S-ADV-V-O" Head="2">
              <Node Cat="S" Id="5" Rule="Np2S" Head="0">
                <Node Cat="np" Id="6" Rule="Pron2NP" Head="0">
                  <Node Cat="pron" Id="7" morphId="520010090011" Unicode="αὐτοὶ" Lemma="αὐτός" Lang="G" StrongNumber="G08460" Morph="RP,,,3NMP," Type="Personal" Person="Third" Case="Nominative" Gender="Masculine" Number="Plural" English="they themselves">αὐτοὶ</Node>
                </Node>
              </Node>
              <Node Cat="ADV" Id="8" Rule="pp2ADV" Head="0">
                <Node Cat="pp" Id="9" Rule="PrepNp" Head="1">
                  <Node Cat="prep" Id="10" morphId="520010090031" Unicode="περὶ" Lemma="περί" Lang="G" StrongNumber="G40120" Morph="P,,,,,G,,," Case="Genitive" English="about">περὶ</Node>
                  <Node Cat="np" Id="11" Rule="Pron2NP" Head="0">
                    <Node Cat="pron" Id="12" morphId="520010090041" Unicode="ἡμῶν" Lemma="ἐγώ" Lang="G" StrongNumber="G14730" Morph="RP,,,1G,P," Type="Personal" Person="First" Case="Genitive" Number="Plural" English="us">ἡμῶν</Node>
                  </Node>
                </Node>
              </Node>
              <Node Cat="V" Id="13" Rule="Vp2V" Head="0">
                <Node Cat="vp" Id="14" Rule="V2VP" Head="0">
                  <Node Cat="verb" Id="15" morphId="520010090051" Unicode="ἀπαγγέλλουσιν" Lemma="ἀπαγγέλλω" Lang="G" StrongNumber="G05180" Morph="V,IPA3,,P," Mood="Indicative" Tense="Present" Voice="Active" Person="Third" Number="Plural" English="report">ἀπαγγέλλουσιν</Node>
                </Node>
              </Node>
              <Node Cat="O" Id="16" Rule="CL2Ox" Head="0">
                <Node Cat="CL" Id="17" Rule="CLaCL" Head="0">
                  <Node Cat="CL" Id="18" Rule="O-V-ADV" Head="1">
                    <Node Cat="O" Id="19" Rule="Np2O" Head="0">
                      <Node Cat="np" Id="20" Rule="AdjpNp" Head="1">
                        <Node Cat="adjp" Id="21" Rule="Adj2Adjp" Head="0">
                          <Node Cat="adj" Id="22" Rule="u_Det2Adj" Head="0">
                            <Node Cat="det" Id="23" morphId="520010090061" Unicode="ὁποίαν" Lemma="ὁποῖος" Lang="G" StrongNumber="G36970" Morph="ER,,,,AFS," Type="Relative" Case="Accusative" Gender="Feminine" Number="Singular" English="what kind of">ὁποίαν</Node>
                          </Node>
                        </Node>
                        <Node Cat="np" Id="24" Rule="N2NP" Head="0">
                          <Node Cat="noun" Id="25" morphId="520010090071" Unicode="εἴσοδον" Lemma="εἴσοδος" Lang="G" StrongNumber="G15290" Morph="N,,,,,AFS," Case="Accusative" Gender="Feminine" Number="Singular" English="reception">εἴσοδον</Node>
                        </Node>
                      </Node>
                    </Node>
                    <Node Cat="V" Id="26" Rule="Vp2V" Head="0">
                      <Node Cat="vp" Id="27" Rule="V2VP" Head="0">
                        <Node Cat="verb" Id="28" morphId="520010090081" Unicode="ἔσχομεν" Lemma="ἔχω" Lang="G" StrongNumber="G21920" Morph="V,IAA1,,P," Mood="Indicative" Tense="Aorist" Voice="Active" Person="First" Number="Plural" English="we had">ἔσχομεν</Node>
                      </Node>
                    </Node>
                    <Node Cat="ADV" Id="29" Rule="pp2ADV" Head="0">
                      <Node Cat="pp" Id="30" Rule="PrepNp" Head="1">
                        <Node Cat="prep" Id="31" morphId="520010090091" Unicode="πρὸς" Lemma="πρός" Lang="G" StrongNumber="G43140" Morph="P,,,,,A,,," Case="Accusative" English="with">πρὸς</Node>
                        <Node Cat="np" Id="32" Rule="Pron2NP" Head="0">
                          <Node Cat="pron" Id="33" morphId="520010090101" Unicode="ὑμᾶς," Lemma="σύ" Lang="G" StrongNumber="G47710" Morph="RP,,,2A,P," Type="Personal" Person="Second" Case="Accusative" Number="Plural" English="you">ὑμᾶς,</Node>
                        </Node>
                      </Node>
                    </Node>
                  </Node>
                  <Node Cat="conj" Id="34" morphId="520010090111" Unicode="καὶ" Lemma="καί" Lang="G" StrongNumber="G25320" Morph="CC,,,,,,,," Type="Coordinating" English="and">καὶ</Node>
                  <Node Cat="CL" Id="35" Rule="ADV-V-ADV-ADV-ADV" Head="1">
                    <Node Cat="ADV" Id="36" Rule="Advp2ADV" Head="0">
                      <Node Cat="advp" Id="37" Rule="Adv2Advp" Head="0">
                        <Node Cat="adv" Id="38" Rule="Conj2Adv" Head="0">
                          <Node Cat="conj" Id="39" morphId="520010090121" Unicode="πῶς" Lemma="πῶς" Lang="G" StrongNumber="G44590" Morph="CS,,,,,,,," Type="Subordinating" English="how">πῶς</Node>
                        </Node>
                      </Node>
                    </Node>
                    <Node Cat="V" Id="40" Rule="Vp2V" Head="0">
                      <Node Cat="vp" Id="41" Rule="V2VP" Head="0">
                        <Node Cat="verb" Id="42" morphId="520010090131" Unicode="ἐπεστρέψατε" Lemma="ἐπιστρέφω" Lang="G" StrongNumber="G19940" Morph="V,IAA2,,P," Mood="Indicative" Tense="Aorist" Voice="Active" Person="Second" Number="Plural" English="you turned">ἐπεστρέψατε</Node>
                      </Node>
                    </Node>
                    <Node Cat="ADV" Id="43" Rule="pp2ADV" Head="0">
                      <Node Cat="pp" Id="44" Rule="PrepNp" Head="1">
                        <Node Cat="prep" Id="45" morphId="520010090141" Unicode="πρὸς" Lemma="πρός" Lang="G" StrongNumber="G43140" Morph="P,,,,,A,,," Case="Accusative" English="to">πρὸς</Node>
                        <Node Cat="np" Id="46" Rule="DetNP" Head="1">
                          <Node Cat="det" Id="47" morphId="520010090151" Unicode="τὸν" Lemma="ὁ" Lang="G" StrongNumber="G35880" Morph="EA,,,,AMS," Type="Article" Case="Accusative" Gender="Masculine" Number="Singular">τὸν</Node>
                          <Node Cat="np" Id="48" Rule="N2NP" Head="0">
                            <Node Cat="noun" Id="49" morphId="520010090161" Unicode="Θεὸν" Lemma="θεός" Lang="G" StrongNumber="G23160" Morph="N,,,,,AMS," Case="Accusative" Gender="Masculine" Number="Singular" English="God">Θεὸν</Node>
                          </Node>
                        </Node>
                      </Node>
                    </Node>
                    <Node Cat="ADV" Id="50" Rule="pp2ADV" Head="0">
                      <Node Cat="pp" Id="51" Rule="PrepNp" Head="1">
                        <Node Cat="prep" Id="52" morphId="520010090171" Unicode="ἀπὸ" Lemma="ἀπό" Lang="G" StrongNumber="G05750" Morph="P,,,,,G,,," Case="Genitive" English="from">ἀπὸ</Node>
                        <Node Cat="np" Id="53" Rule="DetNP" Head="1">
                          <Node Cat="det" Id="54" morphId="520010090181" Unicode="τῶν" Lemma="ὁ" Lang="G" StrongNumber="G35880" Morph="EA,,,,GNP," Type="Article" Case="Genitive" Gender="Neuter" Number="Plural" English="the">τῶν</Node>
                          <Node Cat="np" Id="55" Rule="N2NP" Head="0">
                            <Node Cat="noun" Id="56" morphId="520010090191" Unicode="εἰδώλων," Lemma="εἴδωλον" Lang="G" StrongNumber="G14970" Morph="N,,,,,GNP," Case="Genitive" Gender="Neuter" Number="Plural" English="idols">εἰδώλων,</Node>
                          </Node>
                        </Node>
                      </Node>
                    </Node>
                    <Node Cat="ADV" Id="57" Rule="CL2ADV" Head="0">
                      <Node Cat="CL" Id="58" Rule="V-O" Head="0">
                        <Node Cat="V" Id="59" Rule="Vp2V" Head="0">
                          <Node Cat="vp" Id="60" Rule="V2VP" Head="0">
                            <Node Cat="verb" Id="61" morphId="520010090201" Unicode="δουλεύειν" Lemma="δουλεύω" Lang="G" StrongNumber="G13980" Morph="V,NPA,,,,," Mood="Infinitive" Tense="Present" Voice="Active" English="to serve">δουλεύειν</Node>
                          </Node>
                        </Node>
                        <Node Cat="O" Id="62" Rule="Np2O" Head="0">
                          <Node Cat="np" Id="63" Rule="NpAdjp" Head="0">
                            <Node Cat="np" Id="64" Rule="N2NP" Head="0">
                              <Node Cat="noun" Id="65" morphId="520010090211" Unicode="Θεῷ" Lemma="θεός" Lang="G" StrongNumber="G23160" Morph="N,,,,,DMS," Case="Dative" Gender="Masculine" Number="Singular" English="God">Θεῷ</Node>
                            </Node>
                            <Node Cat="adjp" Id="66" Rule="AdjpaAdjp" Head="0">
                              <Node Cat="adjp" Id="67" Rule="CL2Adjp" Head="0">
                                <Node Cat="CL" Id="68" Rule="V2CL" Head="0">
                                  <Node Cat="V" Id="69" Rule="Vp2V" Head="0">
                                    <Node Cat="vp" Id="70" Rule="V2VP" Head="0">
                                      <Node Cat="verb" Id="71" morphId="520010090221" Unicode="ζῶντι" Lemma="ζάω" Lang="G" StrongNumber="G21980" Morph="V,PPA,DMS," Mood="Participle" Tense="Present" Voice="Active" Case="Dative" Gender="Masculine" Number="Singular" English="living">ζῶντι</Node>
                                    </Node>
                                  </Node>
                                </Node>
                              </Node>
                              <Node Cat="conj" Id="72" morphId="520010090231" Unicode="καὶ" Lemma="καί" Lang="G" StrongNumber="G25320" Morph="CC,,,,,,,," Type="Coordinating" English="and">καὶ</Node>
                              <Node Cat="adjp" Id="73" Rule="Adj2Adjp" Head="0">
                                <Node Cat="adj" Id="74" Rule="u_Noun2Adj" Head="0">
                                  <Node Cat="noun" Id="75" morphId="520010090241" Unicode="ἀληθινῷ," Lemma="ἀληθινός" Lang="G" StrongNumber="G02280" Morph="NS,,,,DMS," Type="Substantive_Adj" Case="Dative" Gender="Masculine" Number="Singular" English="true">ἀληθινῷ,</Node>
                                </Node>
                              </Node>
                            </Node>
                          </Node>
                        </Node>
                      </Node>
                    </Node>
                  </Node>
                </Node>
              </Node>
            </Node>
          </Node>
        </Node>
      </Tree>
    </Trees>
  </Sentence>
  <Sentence ID="52001010">
    <Trees>
      <Tree>
        <Node Cat="Verse" Id="1" Head="0">
          <Node Cat="ADV" Id="2" Rule="CL2ADV" Head="0">
            <Node Cat="CL" Id="3" Rule="that-VP" Head="1">
              <Node Cat="conj" Id="4" morphId="520010100011" Unicode="καὶ" Lemma="καί" Lang="G" StrongNumber="G25320" Morph="CC,,,,,,,," Type="Coordinating" English="and">καὶ</Node>
              <Node Cat="CL" Id="5" Rule="V-ADV-O" Head="0">
                <Node Cat="V" Id="6" Rule="Vp2V" Head="0">
                  <Node Cat="vp" Id="7" Rule="V2VP" Head="0">
                    <Node Cat="verb" Id="8" morphId="520010100021" Unicode="ἀναμένειν" Lemma="ἀναμένω" Lang="G" StrongNumber="G03620" Morph="V,NPA,,,,," Mood="Infinitive" Tense="Present" Voice="Active" English="to wait for">ἀναμένειν</Node>
                  </Node>
                </Node>
                <Node Cat="ADV" Id="9" Rule="pp2ADV" Head="0">
                  <Node Cat="pp" Id="10" Rule="PrepNp" Head="1">
                    <Node Cat="prep" Id="11" morphId="520010100061" Unicode="ἐκ" Lemma="ἐκ" Lang="G" StrongNumber="G15370" Morph="P,,,,,G,,," Case="Genitive" English="from">ἐκ</Node>
                    <Node Cat="np" Id="12" Rule="DetNP" Head="1">
                      <Node Cat="det" Id="13" morphId="520010100071" Unicode="τῶν" Lemma="ὁ" Lang="G" StrongNumber="G35880" Morph="EA,,,,GMP," Type="Article" Case="Genitive" Gender="Masculine" Number="Plural" English="the">τῶν</Node>
                      <Node Cat="np" Id="14" Rule="N2NP" Head="0">
                        <Node Cat="noun" Id="15" morphId="520010100081" Unicode="οὐρανῶν," Lemma="οὐρανός" Lang="G" StrongNumber="G37720" Morph="N,,,,,GMP," Case="Genitive" Gender="Masculine" Number="Plural" English="heaven">οὐρανῶν,</Node>
                      </Node>
                    </Node>
                  </Node>
                </Node>
                <Node Cat="O" Id="16" Rule="Np2O" Head="0">
                  <Node Cat="np" Id="17" Rule="Np-Appos" Head="0">
                    <Node Cat="np" Id="18" Rule="DetNP" Head="1">
                      <Node Cat="det" Id="19" morphId="520010100031" Unicode="τὸν" Lemma="ὁ" Lang="G" StrongNumber="G35880" Morph="EA,,,,AMS," Type="Article" Case="Accusative" Gender="Masculine" Number="Singular" English="the">τὸν</Node>
                      <Node Cat="np" Id="20" Rule="NP-CL" Head="0">
                        <Node Cat="np" Id="21" Rule="NPofNP" Head="0">
                          <Node Cat="np" Id="22" Rule="N2NP" Head="0">
                            <Node Cat="noun" Id="23" morphId="520010100041" Unicode="Υἱὸν" Lemma="υἱός" Lang="G" StrongNumber="G52070" Morph="N,,,,,AMS," Case="Accusative" Gender="Masculine" Number="Singular" English="son">Υἱὸν</Node>
                          </Node>
                          <Node Cat="np" Id="24" Rule="Pron2NP" Head="0">
                            <Node Cat="pron" Id="25" morphId="520010100051" Unicode="αὐτοῦ" Lemma="αὐτός" Lang="G" StrongNumber="G08460" Morph="RP,,,3GMS," Type="Personal" Person="Third" Case="Genitive" Gender="Masculine" Number="Singular" English="of Him">αὐτοῦ</Node>
                          </Node>
                        </Node>
                        <Node Cat="CL" Id="26" Rule="O-V-ADV" Head="1">
                          <Node Cat="O" Id="27" Rule="Np2O" Head="0">
                            <Node Cat="np" Id="28" Rule="Pron2NP" Head="0">
                              <Node Cat="pron" Id="29" morphId="520010100091" Unicode="ὃν" Lemma="ὅς" Lang="G" StrongNumber="G37390" Morph="RR,,,,AMS," Type="Relative" Case="Accusative" Gender="Masculine" Number="Singular" English="whom">ὃν</Node>
                            </Node>
                          </Node>
                          <Node Cat="V" Id="30" Rule="Vp2V" Head="0">
                            <Node Cat="vp" Id="31" Rule="V2VP" Head="0">
                              <Node Cat="verb" Id="32" morphId="520010100101" Unicode="ἤγειρεν" Lemma="ἐγείρω" Lang="G" StrongNumber="G14530" Morph="V,IAA3,,S," Mood="Indicative" Tense="Aorist" Voice="Active" Person="Third" Number="Singular" English="he raised">ἤγειρεν</Node>
                            </Node>
                          </Node>
                          <Node Cat="ADV" Id="33" Rule="pp2ADV" Head="0">
                            <Node Cat="pp" Id="34" Rule="PrepNp" Head="1">
                              <Node Cat="prep" Id="35" morphId="520010100111" Unicode="ἐκ" Lemma="ἐκ" Lang="G" StrongNumber="G15370" Morph="P,,,,,G,,," Case="Genitive" English="from">ἐκ</Node>
                              <Node Cat="np" Id="36" Rule="DetNP" Head="1">
                                <Node Cat="det" Id="37" morphId="520010100121" Unicode="τῶν" Lemma="ὁ" Lang="G" StrongNumber="G35880" Morph="EA,,,,GMP," Type="Article" Case="Genitive" Gender="Masculine" Number="Plural" English="the">τῶν</Node>
                                <Node Cat="np" Id="38" Rule="N2NP" Head="0">
                                  <Node Cat="noun" Id="39" morphId="520010100131" Unicode="νεκρῶν," Lemma="νεκρός" Lang="G" StrongNumber="G34980" Morph="NS,,,,GMP," Type="Substantive_Adj" Case="Genitive" Gender="Masculine" Number="Plural" English="dead">νεκρῶν,</Node>
                                </Node>
                              </Node>
                            </Node>
                          </Node>
                        </Node>
                      </Node>
                    </Node>
                    <Node Cat="np" Id="40" Rule="Np-Appos" Head="0">
                      <Node Cat="np" Id="41" Rule="N2NP" Head="0">
                        <Node Cat="noun" Id="42" morphId="520010100141" Unicode="Ἰησοῦν," Lemma="Ἰησοῦς" Lang="G" StrongNumber="G24240" Morph="N,,,,,AMS," Case="Accusative" Gender="Masculine" Number="Singular" English="Jesus">Ἰησοῦν,</Node>
                      </Node>
                      <Node Cat="np" Id="43" Rule="DetCL" Head="1">
                        <Node Cat="det" Id="44" Rule="u_Pron2Det" Head="0">
                          <Node Cat="pron" Id="45" morphId="520010100151" Unicode="τὸν" Lemma="ὁ" Lang="G" StrongNumber="G35880" Morph="RD,,,,AMS," Type="Demonstrative" Case="Accusative" Gender="Masculine" Number="Singular" English="the one">τὸν</Node>
                        </Node>
                        <Node Cat="CL" Id="46" Rule="V-O-ADV" Head="0">
                          <Node Cat="V" Id="47" Rule="Vp2V" Head="0">
                            <Node Cat="vp" Id="48" Rule="V2VP" Head="0">
                              <Node Cat="verb" Id="49" morphId="520010100161" Unicode="ῥυόμενον" Lemma="ῥύομαι" Lang="G" StrongNumber="G45060" Morph="V,PPM,AMS," Mood="Participle" Tense="Present" Voice="Middle" Case="Accusative" Gender="Masculine" Number="Singular" English="who rescues">ῥυόμενον</Node>
                            </Node>
                          </Node>
                          <Node Cat="O" Id="50" Rule="Np2O" Head="0">
                            <Node Cat="np" Id="51" Rule="Pron2NP" Head="0">
                              <Node Cat="pron" Id="52" morphId="520010100171" Unicode="ἡμᾶς" Lemma="ἐγώ" Lang="G" StrongNumber="G14730" Morph="RP,,,1A,P," Type="Personal" Person="First" Case="Accusative" Number="Plural" English="us">ἡμᾶς</Node>
                            </Node>
                          </Node>
                          <Node Cat="ADV" Id="53" Rule="pp2ADV" Head="0">
                            <Node Cat="pp" Id="54" Rule="PrepNp" Head="1">
                              <Node Cat="prep" Id="55" morphId="520010100181" Unicode="ἐκ" Lemma="ἐκ" Lang="G" StrongNumber="G15370" Morph="P,,,,,G,,," Case="Genitive" English="from">ἐκ</Node>
                              <Node Cat="np" Id="56" Rule="Np-Appos" Head="0">
                                <Node Cat="np" Id="57" Rule="DetNP" Head="1">
                                  <Node Cat="det" Id="58" morphId="520010100191" Unicode="τῆς" Lemma="ὁ" Lang="G" StrongNumber="G35880" Morph="EA,,,,GFS," Type="Article" Case="Genitive" Gender="Feminine" Number="Singular" English="the">τῆς</Node>
                                  <Node Cat="np" Id="59" Rule="N2NP" Head="0">
                                    <Node Cat="noun" Id="60" morphId="520010100201" Unicode="ὀργῆς" Lemma="ὀργή" Lang="G" StrongNumber="G37090" Morph="N,,,,,GFS," Case="Genitive" Gender="Feminine" Number="Singular" English="wrath">ὀργῆς</Node>
                                  </Node>
                                </Node>
                                <Node Cat="np" Id="61" Rule="DetCL" Head="1">
                                  <Node Cat="det" Id="62" Rule="u_Pron2Det" Head="0">
                                    <Node Cat="pron" Id="63" morphId="520010100211" Unicode="τῆς" Lemma="ὁ" Lang="G" StrongNumber="G35880" Morph="RD,,,,GFS," Type="Demonstrative" Case="Genitive" Gender="Feminine" Number="Singular" English="the">τῆς</Node>
                                  </Node>
                                  <Node Cat="CL" Id="64" Rule="V2CL" Head="0">
                                    <Node Cat="V" Id="65" Rule="Vp2V" Head="0">
                                      <Node Cat="vp" Id="66" Rule="V2VP" Head="0">
                                        <Node Cat="verb" Id="67" morphId="520010100221" Unicode="ἐρχομένης." Lemma="ἔρχομαι" Lang="G" StrongNumber="G20640" Morph="V,PPM,GFS," Mood="Participle" Tense="Present" Voice="Middle" Case="Genitive" Gender="Feminine" Number="Singular" English="to come">ἐρχομένης.</Node>
                                      </Node>
                                    </Node>
                                  </Node>
                                </Node>
                              </Node>
                            </Node>
                          </Node>
                        </Node>
                      </Node>
                    </Node>
                  </Node>
                </Node>
              </Node>
            </Node>
          </Node>
        </Node>
      </Tree>
    </Trees>
  </Sentence>
</Sentences>
