﻿<?xml version="1.0" encoding ="utf-8"?>
<!-- Automatically created at 9/15/2022 10:20:01 AM by CreateTreesUGNT - © 2022 Cherith Analytics® -->
<Sentences>
  <Sentence ID="54003001">
    <Trees>
      <Tree>
        <Node Cat="Verse" Id="1" Head="0">
          <Node Cat="CL" Id="2" Rule="P-S" Head="0">
            <Node Cat="P" Id="3" Rule="Np2P" Head="0">
              <Node Cat="np" Id="4" Rule="N2NP" Head="0">
                <Node Cat="noun" Id="5" morphId="540030010011" Unicode="πιστὸς" Lemma="πιστός" Lang="G" StrongNumber="G41030" Morph="NP,,,,NMS," Type="Predicate_Adj" Case="Nominative" Gender="Masculine" Number="Singular" English="trustworthy">πιστὸς</Node>
              </Node>
            </Node>
            <Node Cat="S" Id="6" Rule="Np2S" Head="0">
              <Node Cat="np" Id="7" Rule="DetNP" Head="1">
                <Node Cat="det" Id="8" morphId="540030010021" Unicode="ὁ" Lemma="ὁ" Lang="G" StrongNumber="G35880" Morph="EA,,,,NMS," Type="Article" Case="Nominative" Gender="Masculine" Number="Singular" English="the">ὁ</Node>
                <Node Cat="np" Id="9" Rule="N2NP" Head="0">
                  <Node Cat="noun" Id="10" morphId="540030010031" Unicode="λόγος:" Lemma="λόγος" Lang="G" StrongNumber="G30560" Morph="N,,,,,NMS," Case="Nominative" Gender="Masculine" Number="Singular" English="saying">λόγος:</Node>
                </Node>
              </Node>
            </Node>
          </Node>
          <Node Cat="CL" Id="11" Rule="ClCl2" Head="1">
            <Node Cat="CL" Id="12" Rule="sub-CL" Head="1">
              <Node Cat="conj" Id="13" morphId="540030010041" Unicode="εἴ" Lemma="εἰ" Lang="G" StrongNumber="G14870" Morph="CS,,,,,,,," Type="Subordinating" English="if">εἴ</Node>
              <Node Cat="CL" Id="14" Rule="S-O-V" Head="2">
                <Node Cat="S" Id="15" Rule="Np2S" Head="0">
                  <Node Cat="np" Id="16" Rule="Pron2NP" Head="0">
                    <Node Cat="pron" Id="17" morphId="540030010051" Unicode="τις" Lemma="τις" Lang="G" StrongNumber="G51000" Morph="RI,,,,NMS," Type="Indefinite" Case="Nominative" Gender="Masculine" Number="Singular" English="anyone">τις</Node>
                  </Node>
                </Node>
                <Node Cat="O" Id="18" Rule="Np2O" Head="0">
                  <Node Cat="np" Id="19" Rule="N2NP" Head="0">
                    <Node Cat="noun" Id="20" morphId="540030010061" Unicode="ἐπισκοπῆς" Lemma="ἐπισκοπή" Lang="G" StrongNumber="G19840" Morph="N,,,,,GFS," Case="Genitive" Gender="Feminine" Number="Singular" English="an overseer">ἐπισκοπῆς</Node>
                  </Node>
                </Node>
                <Node Cat="V" Id="21" Rule="Vp2V" Head="0">
                  <Node Cat="vp" Id="22" Rule="V2VP" Head="0">
                    <Node Cat="verb" Id="23" morphId="540030010071" Unicode="ὀρέγεται," Lemma="ὀρέγω" Lang="G" StrongNumber="G37130" Morph="V,IPM3,,S," Mood="Indicative" Tense="Present" Voice="Middle" Person="Third" Number="Singular" English="aspires to">ὀρέγεται,</Node>
                  </Node>
                </Node>
              </Node>
            </Node>
            <Node Cat="CL" Id="24" Rule="O-V" Head="1">
              <Node Cat="O" Id="25" Rule="Np2O" Head="0">
                <Node Cat="np" Id="26" Rule="AdjpNp" Head="1">
                  <Node Cat="adjp" Id="27" Rule="Adj2Adjp" Head="0">
                    <Node Cat="adj" Id="28" morphId="540030010081" Unicode="καλοῦ" Lemma="καλός" Lang="G" StrongNumber="G25700" Morph="AA,,,,GNS," Type="Ascriptive" Case="Genitive" Gender="Neuter" Number="Singular" English="noble">καλοῦ</Node>
                  </Node>
                  <Node Cat="np" Id="29" Rule="N2NP" Head="0">
                    <Node Cat="noun" Id="30" morphId="540030010091" Unicode="ἔργου" Lemma="ἔργον" Lang="G" StrongNumber="G20410" Morph="N,,,,,GNS," Case="Genitive" Gender="Neuter" Number="Singular" English="a ~ work">ἔργου</Node>
                  </Node>
                </Node>
              </Node>
              <Node Cat="V" Id="31" Rule="Vp2V" Head="0">
                <Node Cat="vp" Id="32" Rule="V2VP" Head="0">
                  <Node Cat="verb" Id="33" morphId="540030010101" Unicode="ἐπιθυμεῖ." Lemma="ἐπιθυμέω" Lang="G" StrongNumber="G19370" Morph="V,IPA3,,S," Mood="Indicative" Tense="Present" Voice="Active" Person="Third" Number="Singular" English="he desires">ἐπιθυμεῖ.</Node>
                </Node>
              </Node>
            </Node>
          </Node>
        </Node>
      </Tree>
    </Trees>
  </Sentence>
  <Sentence ID="54003002">
    <Trees>
      <Tree>
        <Node Cat="Verse" Id="1" Head="0">
          <Node Cat="CL" Id="2" Rule="Conj-CL" Head="1">
            <Node Cat="conj" Id="3" morphId="540030020021" Unicode="οὖν" Lemma="οὖν" Lang="G" StrongNumber="G37670" Morph="CC,,,,,,,," Type="Coordinating" English="therefore">οὖν</Node>
            <Node Cat="CL" Id="4" Rule="V-S" Head="0">
              <Node Cat="V" Id="5" Rule="Vp2V" Head="0">
                <Node Cat="vp" Id="6" Rule="V2VP" Head="0">
                  <Node Cat="verb" Id="7" morphId="540030020011" Unicode="δεῖ" Lemma="δέω" Lang="G" StrongNumber="G12100" Morph="V,IPA3,,S," Mood="Indicative" Tense="Present" Voice="Active" Person="Third" Number="Singular" English="must">δεῖ</Node>
                </Node>
              </Node>
              <Node Cat="S" Id="8" Rule="Np2S" Head="0">
                <Node Cat="np" Id="9" Rule="CL2NP" Head="0">
                  <Node Cat="CL" Id="10" Rule="S-VC-P" Head="2">
                    <Node Cat="S" Id="11" Rule="Np2S" Head="0">
                      <Node Cat="np" Id="12" Rule="DetNP" Head="1">
                        <Node Cat="det" Id="13" morphId="540030020031" Unicode="τὸν" Lemma="ὁ" Lang="G" StrongNumber="G35880" Morph="EA,,,,AMS," Type="Article" Case="Accusative" Gender="Masculine" Number="Singular" English="the">τὸν</Node>
                        <Node Cat="np" Id="14" Rule="N2NP" Head="0">
                          <Node Cat="noun" Id="15" morphId="540030020041" Unicode="ἐπίσκοπον" Lemma="ἐπίσκοπος" Lang="G" StrongNumber="G19850" Morph="N,,,,,AMS," Case="Accusative" Gender="Masculine" Number="Singular" English="overseer">ἐπίσκοπον</Node>
                        </Node>
                      </Node>
                    </Node>
                    <Node Cat="VC" Id="16" Rule="vp2VC" Head="0">
                      <Node Cat="vp" Id="17" Rule="V2VP" Head="0">
                        <Node Cat="verb" Id="18" morphId="540030020061" Unicode="εἶναι," Lemma="εἰμί" Lang="G" StrongNumber="G15100" Morph="V,NPA,,,,," Mood="Infinitive" Tense="Present" Voice="Active" English="be">εἶναι,</Node>
                      </Node>
                    </Node>
                    <Node Cat="P" Id="19" Rule="Np2P" Head="0">
                      <Node Cat="np" Id="20" Rule="Np-Appos" Head="0">
                        <Node Cat="np" Id="21" Rule="N2NP" Head="0">
                          <Node Cat="noun" Id="22" morphId="540030020051" Unicode="ἀνεπίλημπτον" Lemma="ἀνεπίλημπτος" Lang="G" StrongNumber="G04230" Morph="NS,,,,AMS," Type="Substantive_Adj" Case="Accusative" Gender="Masculine" Number="Singular" English="above reproach">ἀνεπίλημπτον</Node>
                        </Node>
                        <Node Cat="np" Id="23" Rule="NpNpNpNp" Head="0">
                          <Node Cat="np" Id="24" Rule="ofNPNP" Head="1">
                            <Node Cat="np" Id="25" Rule="NumpNP" Head="1">
                              <Node Cat="nump" Id="26" Rule="Num2Nump" Head="0">
                                <Node Cat="num" Id="27" Rule="u_Det2Num" Head="0">
                                  <Node Cat="det" Id="28" morphId="540030020071" Unicode="μιᾶς" Lemma="εἷς" Lang="G" StrongNumber="G15200" Morph="EN,,,,GFS," Type="Number" Case="Genitive" Gender="Feminine" Number="Singular" English="one">μιᾶς</Node>
                                </Node>
                              </Node>
                              <Node Cat="np" Id="29" Rule="N2NP" Head="0">
                                <Node Cat="noun" Id="30" morphId="540030020081" Unicode="γυναικὸς" Lemma="γυνή" Lang="G" StrongNumber="G11350" Morph="N,,,,,GFS," Case="Genitive" Gender="Feminine" Number="Singular" English="of ~ wife">γυναικὸς</Node>
                              </Node>
                            </Node>
                            <Node Cat="np" Id="31" Rule="N2NP" Head="0">
                              <Node Cat="noun" Id="32" morphId="540030020091" Unicode="ἄνδρα," Lemma="ἀνήρ" Lang="G" StrongNumber="G04350" Morph="N,,,,,AMS," Case="Accusative" Gender="Masculine" Number="Singular" English="husband">ἄνδρα,</Node>
                            </Node>
                          </Node>
                          <Node Cat="np" Id="33" Rule="NpNpNp" Head="0">
                            <Node Cat="np" Id="34" Rule="N2NP" Head="0">
                              <Node Cat="noun" Id="35" morphId="540030020101" Unicode="νηφάλιον," Lemma="νηφάλιος" Lang="G" StrongNumber="G35240" Morph="NS,,,,AMS," Type="Substantive_Adj" Case="Accusative" Gender="Masculine" Number="Singular" English="temperate">νηφάλιον,</Node>
                            </Node>
                            <Node Cat="np" Id="36" Rule="N2NP" Head="0">
                              <Node Cat="noun" Id="37" morphId="540030020111" Unicode="σώφρονα," Lemma="σώφρων" Lang="G" StrongNumber="G49980" Morph="NS,,,,AMS," Type="Substantive_Adj" Case="Accusative" Gender="Masculine" Number="Singular" English="self-controlled">σώφρονα,</Node>
                            </Node>
                            <Node Cat="np" Id="38" Rule="N2NP" Head="0">
                              <Node Cat="noun" Id="39" morphId="540030020121" Unicode="κόσμιον," Lemma="κόσμιος" Lang="G" StrongNumber="G28870" Morph="NS,,,,AMS," Type="Substantive_Adj" Case="Accusative" Gender="Masculine" Number="Singular" English="respectable">κόσμιον,</Node>
                            </Node>
                          </Node>
                          <Node Cat="np" Id="40" Rule="N2NP" Head="0">
                            <Node Cat="noun" Id="41" morphId="540030020131" Unicode="φιλόξενον," Lemma="φιλόξενος" Lang="G" StrongNumber="G53820" Morph="NS,,,,AMS," Type="Substantive_Adj" Case="Accusative" Gender="Masculine" Number="Singular" English="hospitable">φιλόξενον,</Node>
                          </Node>
                          <Node Cat="np" Id="42" Rule="N2NP" Head="0">
                            <Node Cat="noun" Id="43" morphId="540030020141" Unicode="διδακτικόν," Lemma="διδακτικός" Lang="G" StrongNumber="G13170" Morph="NS,,,,AMS," Type="Substantive_Adj" Case="Accusative" Gender="Masculine" Number="Singular" English="able to teach">διδακτικόν,</Node>
                          </Node>
                        </Node>
                      </Node>
                    </Node>
                  </Node>
                </Node>
              </Node>
            </Node>
          </Node>
        </Node>
      </Tree>
    </Trees>
  </Sentence>
  <Sentence ID="54003003">
    <Trees>
      <Tree>
        <Node Cat="Verse" Id="1" Head="0">
          <Node Cat="np" Id="2" Rule="NpNpNpNp" Head="0">
            <Node Cat="np" Id="3" Rule="AdvpNp" Head="1">
              <Node Cat="advp" Id="4" Rule="Adv2Advp" Head="0">
                <Node Cat="adv" Id="5" morphId="540030030011" Unicode="μὴ" Lemma="μή" Lang="G" StrongNumber="G33610" Morph="D,,,,,,,,," English="not">μὴ</Node>
              </Node>
              <Node Cat="np" Id="6" Rule="N2NP" Head="0">
                <Node Cat="noun" Id="7" morphId="540030030021" Unicode="πάροινον," Lemma="πάροινος" Lang="G" StrongNumber="G39430" Morph="NS,,,,AMS," Type="Substantive_Adj" Case="Accusative" Gender="Masculine" Number="Singular" English="addicted to wine">πάροινον,</Node>
              </Node>
            </Node>
            <Node Cat="np" Id="8" Rule="notNPbutNP" Head="3">
              <Node Cat="advp" Id="9" Rule="Adv2Advp" Head="0">
                <Node Cat="adv" Id="10" morphId="540030030031" Unicode="μὴ" Lemma="μή" Lang="G" StrongNumber="G33610" Morph="DO,,,,,,,," Type="Correlative" English="not">μὴ</Node>
              </Node>
              <Node Cat="np" Id="11" Rule="N2NP" Head="0">
                <Node Cat="noun" Id="12" morphId="540030030041" Unicode="πλήκτην," Lemma="πλήκτης" Lang="G" StrongNumber="G41310" Morph="N,,,,,AMS," Case="Accusative" Gender="Masculine" Number="Singular" English="violent">πλήκτην,</Node>
              </Node>
              <Node Cat="conj" Id="13" morphId="540030030051" Unicode="ἀλλὰ" Lemma="ἀλλά" Lang="G" StrongNumber="G02350" Morph="CO,,,,,,,," Type="Correlative" English="but">ἀλλὰ</Node>
              <Node Cat="np" Id="14" Rule="N2NP" Head="0">
                <Node Cat="noun" Id="15" morphId="540030030061" Unicode="ἐπιεικῆ," Lemma="ἐπιεικής" Lang="G" StrongNumber="G19330" Morph="NS,,,,AMS," Type="Substantive_Adj" Case="Accusative" Gender="Masculine" Number="Singular" English="gentle">ἐπιεικῆ,</Node>
              </Node>
            </Node>
            <Node Cat="np" Id="16" Rule="N2NP" Head="0">
              <Node Cat="noun" Id="17" morphId="540030030071" Unicode="ἄμαχον," Lemma="ἄμαχος" Lang="G" StrongNumber="G02690" Morph="NS,,,,AMS," Type="Substantive_Adj" Case="Accusative" Gender="Masculine" Number="Singular" English="not quarrelsome">ἄμαχον,</Node>
            </Node>
            <Node Cat="np" Id="18" Rule="N2NP" Head="0">
              <Node Cat="noun" Id="19" morphId="540030030081" Unicode="ἀφιλάργυρον;" Lemma="ἀφιλάργυρος" Lang="G" StrongNumber="G08660" Morph="NS,,,,AMS," Type="Substantive_Adj" Case="Accusative" Gender="Masculine" Number="Singular" English="not a lover of money">ἀφιλάργυρον;</Node>
            </Node>
          </Node>
        </Node>
      </Tree>
    </Trees>
  </Sentence>
  <Sentence ID="54003004">
    <Trees>
      <Tree>
        <Node Cat="Verse" Id="1" Head="0">
          <Node Cat="CL" Id="2" Rule="ClCl" Head="0">
            <Node Cat="CL" Id="3" Rule="O-ADV-V" Head="2">
              <Node Cat="O" Id="4" Rule="Np2O" Head="0">
                <Node Cat="np" Id="5" Rule="DetNP" Head="1">
                  <Node Cat="det" Id="6" morphId="540030040011" Unicode="τοῦ" Lemma="ὁ" Lang="G" StrongNumber="G35880" Morph="EP,,,,GMS," Type="Possessive" Case="Genitive" Gender="Masculine" Number="Singular" English="one">τοῦ</Node>
                  <Node Cat="np" Id="7" Rule="AdjpNp" Head="1">
                    <Node Cat="adjp" Id="8" Rule="Adj2Adjp" Head="0">
                      <Node Cat="adj" Id="9" Rule="u_Det2Adj" Head="0">
                        <Node Cat="det" Id="10" morphId="540030040021" Unicode="ἰδίου" Lemma="ἴδιος" Lang="G" StrongNumber="G23980" Morph="EF,,,,GMS," Type="Differential" Case="Genitive" Gender="Masculine" Number="Singular" English="his own">ἰδίου</Node>
                      </Node>
                    </Node>
                    <Node Cat="np" Id="11" Rule="N2NP" Head="0">
                      <Node Cat="noun" Id="12" morphId="540030040031" Unicode="οἴκου" Lemma="οἶκος" Lang="G" StrongNumber="G36240" Morph="N,,,,,GMS," Case="Genitive" Gender="Masculine" Number="Singular" English="household">οἴκου</Node>
                    </Node>
                  </Node>
                </Node>
              </Node>
              <Node Cat="ADV" Id="13" Rule="Advp2ADV" Head="0">
                <Node Cat="advp" Id="14" Rule="Adv2Advp" Head="0">
                  <Node Cat="adv" Id="15" morphId="540030040041" Unicode="καλῶς" Lemma="καλῶς" Lang="G" StrongNumber="G25730" Morph="D,,,,,,,,," English="well">καλῶς</Node>
                </Node>
              </Node>
              <Node Cat="V" Id="16" Rule="Vp2V" Head="0">
                <Node Cat="vp" Id="17" Rule="V2VP" Head="0">
                  <Node Cat="verb" Id="18" morphId="540030040051" Unicode="προϊστάμενον," Lemma="προΐστημι" Lang="G" StrongNumber="G42910" Morph="V,PPM,AMS," Mood="Participle" Tense="Present" Voice="Middle" Case="Accusative" Gender="Masculine" Number="Singular" English="must manage">προϊστάμενον,</Node>
                </Node>
              </Node>
            </Node>
            <Node Cat="CL" Id="19" Rule="O-V-ADV-ADV" Head="1">
              <Node Cat="O" Id="20" Rule="Np2O" Head="0">
                <Node Cat="np" Id="21" Rule="N2NP" Head="0">
                  <Node Cat="noun" Id="22" morphId="540030040061" Unicode="τέκνα" Lemma="τέκνον" Lang="G" StrongNumber="G50430" Morph="N,,,,,ANP," Case="Accusative" Gender="Neuter" Number="Plural" English="children">τέκνα</Node>
                </Node>
              </Node>
              <Node Cat="V" Id="23" Rule="Vp2V" Head="0">
                <Node Cat="vp" Id="24" Rule="V2VP" Head="0">
                  <Node Cat="verb" Id="25" morphId="540030040071" Unicode="ἔχοντα" Lemma="ἔχω" Lang="G" StrongNumber="G21920" Morph="V,PPA,AMS," Mood="Participle" Tense="Present" Voice="Active" Case="Accusative" Gender="Masculine" Number="Singular" English="keeping">ἔχοντα</Node>
                </Node>
              </Node>
              <Node Cat="ADV" Id="26" Rule="pp2ADV" Head="0">
                <Node Cat="pp" Id="27" Rule="PrepNp" Head="1">
                  <Node Cat="prep" Id="28" morphId="540030040081" Unicode="ἐν" Lemma="ἐν" Lang="G" StrongNumber="G17220" Morph="P,,,,,D,,," Case="Dative" English="in">ἐν</Node>
                  <Node Cat="np" Id="29" Rule="N2NP" Head="0">
                    <Node Cat="noun" Id="30" morphId="540030040091" Unicode="ὑποταγῇ," Lemma="ὑποταγή" Lang="G" StrongNumber="G52920" Morph="N,,,,,DFS," Case="Dative" Gender="Feminine" Number="Singular" English="submission">ὑποταγῇ,</Node>
                  </Node>
                </Node>
              </Node>
              <Node Cat="ADV" Id="31" Rule="pp2ADV" Head="0">
                <Node Cat="pp" Id="32" Rule="PrepNp" Head="1">
                  <Node Cat="prep" Id="33" morphId="540030040101" Unicode="μετὰ" Lemma="μετά" Lang="G" StrongNumber="G33260" Morph="P,,,,,G,,," Case="Genitive" English="with">μετὰ</Node>
                  <Node Cat="np" Id="34" Rule="All-NP" Head="1">
                    <Node Cat="adjp" Id="35" Rule="Adj2Adjp" Head="0">
                      <Node Cat="adj" Id="36" Rule="u_Det2Adj" Head="0">
                        <Node Cat="det" Id="37" morphId="540030040111" Unicode="πάσης" Lemma="πᾶς" Lang="G" StrongNumber="G39560" Morph="EQ,,,,GFS," Type="Quantifier" Case="Genitive" Gender="Feminine" Number="Singular" English="all">πάσης</Node>
                      </Node>
                    </Node>
                    <Node Cat="np" Id="38" Rule="N2NP" Head="0">
                      <Node Cat="noun" Id="39" morphId="540030040121" Unicode="σεμνότητος" Lemma="σεμνότης" Lang="G" StrongNumber="G45870" Morph="N,,,,,GFS," Case="Genitive" Gender="Feminine" Number="Singular" English="dignity">σεμνότητος</Node>
                    </Node>
                  </Node>
                </Node>
              </Node>
            </Node>
          </Node>
        </Node>
      </Tree>
    </Trees>
  </Sentence>
  <Sentence ID="54003005">
    <Trees>
      <Tree>
        <Node Cat="Verse" Id="1" Head="0">
          <Node Cat="CL" Id="2" Rule="Conj-CL" Head="1">
            <Node Cat="conj" Id="3" morphId="540030050021" Unicode="δέ" Lemma="δέ" Lang="G" StrongNumber="G11610" Morph="CC,,,,,,,," Type="Coordinating" English="for">δέ</Node>
            <Node Cat="CL" Id="4" Rule="ClCl2" Head="1">
              <Node Cat="CL" Id="5" Rule="sub-CL" Head="1">
                <Node Cat="conj" Id="6" morphId="540030050011" Unicode="(εἰ" Lemma="εἰ" Lang="G" StrongNumber="G14870" Morph="CS,,,,,,,," Type="Subordinating" English="if">(εἰ</Node>
                <Node Cat="CL" Id="7" Rule="S-O-ADV-V" Head="3">
                  <Node Cat="S" Id="8" Rule="Np2S" Head="0">
                    <Node Cat="np" Id="9" Rule="Pron2NP" Head="0">
                      <Node Cat="pron" Id="10" morphId="540030050031" Unicode="τις" Lemma="τις" Lang="G" StrongNumber="G51000" Morph="RI,,,,NMS," Type="Indefinite" Case="Nominative" Gender="Masculine" Number="Singular" English="anyone">τις</Node>
                    </Node>
                  </Node>
                  <Node Cat="O" Id="11" Rule="CL2Ox" Head="0">
                    <Node Cat="CL" Id="12" Rule="O-V" Head="1">
                      <Node Cat="O" Id="13" Rule="Np2O" Head="0">
                        <Node Cat="np" Id="14" Rule="DetNP" Head="1">
                          <Node Cat="det" Id="15" morphId="540030050041" Unicode="τοῦ" Lemma="ὁ" Lang="G" StrongNumber="G35880" Morph="EP,,,,GMS," Type="Possessive" Case="Genitive" Gender="Masculine" Number="Singular" English="thehis">τοῦ</Node>
                          <Node Cat="np" Id="16" Rule="AdjpNp" Head="1">
                            <Node Cat="adjp" Id="17" Rule="Adj2Adjp" Head="0">
                              <Node Cat="adj" Id="18" Rule="u_Det2Adj" Head="0">
                                <Node Cat="det" Id="19" morphId="540030050051" Unicode="ἰδίου" Lemma="ἴδιος" Lang="G" StrongNumber="G23980" Morph="EF,,,,GMS," Type="Differential" Case="Genitive" Gender="Masculine" Number="Singular" English="his own">ἰδίου</Node>
                              </Node>
                            </Node>
                            <Node Cat="np" Id="20" Rule="N2NP" Head="0">
                              <Node Cat="noun" Id="21" morphId="540030050061" Unicode="οἴκου" Lemma="οἶκος" Lang="G" StrongNumber="G36240" Morph="N,,,,,GMS," Case="Genitive" Gender="Masculine" Number="Singular" English="household">οἴκου</Node>
                            </Node>
                          </Node>
                        </Node>
                      </Node>
                      <Node Cat="V" Id="22" Rule="Vp2V" Head="0">
                        <Node Cat="vp" Id="23" Rule="V2VP" Head="0">
                          <Node Cat="verb" Id="24" morphId="540030050071" Unicode="προστῆναι" Lemma="προΐστημι" Lang="G" StrongNumber="G42910" Morph="V,NAA,,,,," Mood="Infinitive" Tense="Aorist" Voice="Active" English="to manage">προστῆναι</Node>
                        </Node>
                      </Node>
                    </Node>
                  </Node>
                  <Node Cat="ADV" Id="25" Rule="Advp2ADV" Head="0">
                    <Node Cat="advp" Id="26" Rule="Adv2Advp" Head="0">
                      <Node Cat="adv" Id="27" morphId="540030050081" Unicode="οὐκ" Lemma="οὐ" Lang="G" StrongNumber="G37560" Morph="D,,,,,,,,," English="not">οὐκ</Node>
                    </Node>
                  </Node>
                  <Node Cat="V" Id="28" Rule="Vp2V" Head="0">
                    <Node Cat="vp" Id="29" Rule="V2VP" Head="0">
                      <Node Cat="verb" Id="30" morphId="540030050091" Unicode="οἶδεν," Lemma="οἶδα" Lang="G" StrongNumber="G14920" Morph="V,IEA3,,S," Mood="Indicative" Tense="Perfect" Voice="Active" Person="Third" Number="Singular" English="does ~ know">οἶδεν,</Node>
                    </Node>
                  </Node>
                </Node>
              </Node>
              <Node Cat="CL" Id="31" Rule="ADV-O-V" Head="2">
                <Node Cat="ADV" Id="32" Rule="Advp2ADV" Head="0">
                  <Node Cat="advp" Id="33" Rule="Adv2Advp" Head="0">
                    <Node Cat="adv" Id="34" morphId="540030050101" Unicode="πῶς" Lemma="πῶς" Lang="G" StrongNumber="G44590" Morph="D,,,,,,,,," English="how">πῶς</Node>
                  </Node>
                </Node>
                <Node Cat="O" Id="35" Rule="Np2O" Head="0">
                  <Node Cat="np" Id="36" Rule="NPofNP" Head="0">
                    <Node Cat="np" Id="37" Rule="N2NP" Head="0">
                      <Node Cat="noun" Id="38" morphId="540030050111" Unicode="ἐκκλησίας" Lemma="ἐκκλησία" Lang="G" StrongNumber="G15770" Morph="N,,,,,GFS," Case="Genitive" Gender="Feminine" Number="Singular" English="church">ἐκκλησίας</Node>
                    </Node>
                    <Node Cat="np" Id="39" Rule="N2NP" Head="0">
                      <Node Cat="noun" Id="40" morphId="540030050121" Unicode="Θεοῦ" Lemma="θεός" Lang="G" StrongNumber="G23160" Morph="N,,,,,GMS," Case="Genitive" Gender="Masculine" Number="Singular" English="God’s">Θεοῦ</Node>
                    </Node>
                  </Node>
                </Node>
                <Node Cat="V" Id="41" Rule="Vp2V" Head="0">
                  <Node Cat="vp" Id="42" Rule="V2VP" Head="0">
                    <Node Cat="verb" Id="43" morphId="540030050131" Unicode="ἐπιμελήσεται?)" Lemma="ἐπιμελέομαι" Lang="G" StrongNumber="G19590" Morph="V,IFP3,,S," Mood="Indicative" Tense="Future" Voice="Passive" Person="Third" Number="Singular" English="will he take care of">ἐπιμελήσεται?)</Node>
                  </Node>
                </Node>
              </Node>
            </Node>
          </Node>
        </Node>
      </Tree>
    </Trees>
  </Sentence>
  <Sentence ID="54003006">
    <Trees>
      <Tree>
        <Node Cat="Verse" Id="1" Head="0">
          <Node Cat="CL" Id="2" Rule="ClCl" Head="0">
            <Node Cat="CL" Id="3" Rule="ADV-P" Head="1">
              <Node Cat="ADV" Id="4" Rule="Advp2ADV" Head="0">
                <Node Cat="advp" Id="5" Rule="Adv2Advp" Head="0">
                  <Node Cat="adv" Id="6" morphId="540030060011" Unicode="μὴ" Lemma="μή" Lang="G" StrongNumber="G33610" Morph="D,,,,,,,,," English="not">μὴ</Node>
                </Node>
              </Node>
              <Node Cat="P" Id="7" Rule="Np2P" Head="0">
                <Node Cat="np" Id="8" Rule="N2NP" Head="0">
                  <Node Cat="noun" Id="9" morphId="540030060021" Unicode="νεόφυτον," Lemma="νεόφυτος" Lang="G" StrongNumber="G35040" Morph="NP,,,,AMS," Type="Predicate_Adj" Case="Accusative" Gender="Masculine" Number="Singular" English="a recent convert">νεόφυτον,</Node>
                </Node>
              </Node>
            </Node>
            <Node Cat="CL" Id="10" Rule="sub-CL" Head="1">
              <Node Cat="conj" Id="11" morphId="540030060031" Unicode="ἵνα" Lemma="ἵνα" Lang="G" StrongNumber="G24430" Morph="CS,,,,,,,," Type="Subordinating" English="so that">ἵνα</Node>
              <Node Cat="CL" Id="12" Rule="ADV-ADV-ADV-V" Head="3">
                <Node Cat="ADV" Id="13" Rule="Advp2ADV" Head="0">
                  <Node Cat="advp" Id="14" Rule="Adv2Advp" Head="0">
                    <Node Cat="adv" Id="15" morphId="540030060041" Unicode="μὴ" Lemma="μή" Lang="G" StrongNumber="G33610" Morph="D,,,,,,,,," English="not">μὴ</Node>
                  </Node>
                </Node>
                <Node Cat="ADV" Id="16" Rule="CL2ADV" Head="0">
                  <Node Cat="CL" Id="17" Rule="V2CL" Head="0">
                    <Node Cat="V" Id="18" Rule="Vp2V" Head="0">
                      <Node Cat="vp" Id="19" Rule="V2VP" Head="0">
                        <Node Cat="verb" Id="20" morphId="540030060051" Unicode="τυφωθεὶς," Lemma="τυφόω" Lang="G" StrongNumber="G51870" Morph="V,PAP,NMS," Mood="Participle" Tense="Aorist" Voice="Passive" Case="Nominative" Gender="Masculine" Number="Singular" English="become conceited">τυφωθεὶς,</Node>
                      </Node>
                    </Node>
                  </Node>
                </Node>
                <Node Cat="ADV" Id="21" Rule="pp2ADV" Head="0">
                  <Node Cat="pp" Id="22" Rule="PrepNp" Head="1">
                    <Node Cat="prep" Id="23" morphId="540030060061" Unicode="εἰς" Lemma="εἰς" Lang="G" StrongNumber="G15190" Morph="P,,,,,A,,," Case="Accusative" English="into">εἰς</Node>
                    <Node Cat="np" Id="24" Rule="NPofNP" Head="0">
                      <Node Cat="np" Id="25" Rule="N2NP" Head="0">
                        <Node Cat="noun" Id="26" morphId="540030060071" Unicode="κρίμα" Lemma="κρίμα" Lang="G" StrongNumber="G29170" Morph="N,,,,,ANS," Case="Accusative" Gender="Neuter" Number="Singular" English="condemnation">κρίμα</Node>
                      </Node>
                      <Node Cat="np" Id="27" Rule="DetNP" Head="1">
                        <Node Cat="det" Id="28" morphId="540030060091" Unicode="τοῦ" Lemma="ὁ" Lang="G" StrongNumber="G35880" Morph="EA,,,,GMS," Type="Article" Case="Genitive" Gender="Masculine" Number="Singular" English="the">τοῦ</Node>
                        <Node Cat="np" Id="29" Rule="N2NP" Head="0">
                          <Node Cat="noun" Id="30" morphId="540030060101" Unicode="διαβόλου." Lemma="διάβολος" Lang="G" StrongNumber="G12280" Morph="NS,,,,GMS," Type="Substantive_Adj" Case="Genitive" Gender="Masculine" Number="Singular" English="devil">διαβόλου.</Node>
                        </Node>
                      </Node>
                    </Node>
                  </Node>
                </Node>
                <Node Cat="V" Id="31" Rule="Vp2V" Head="0">
                  <Node Cat="vp" Id="32" Rule="V2VP" Head="0">
                    <Node Cat="verb" Id="33" morphId="540030060081" Unicode="ἐμπέσῃ" Lemma="ἐμπίπτω" Lang="G" StrongNumber="G17060" Morph="V,SAA3,,S," Mood="Subjunctive" Tense="Aorist" Voice="Active" Person="Third" Number="Singular" English="he ~ fall">ἐμπέσῃ</Node>
                  </Node>
                </Node>
              </Node>
            </Node>
          </Node>
        </Node>
      </Tree>
    </Trees>
  </Sentence>
  <Sentence ID="54003007">
    <Trees>
      <Tree>
        <Node Cat="Verse" Id="1" Head="0">
          <Node Cat="CL" Id="2" Rule="Conj-CL" Head="1">
            <Node Cat="conj" Id="3" morphId="540030070021" Unicode="δὲ" Lemma="δέ" Lang="G" StrongNumber="G11610" Morph="CC,,,,,,,," Type="Coordinating" English="but">δὲ</Node>
            <Node Cat="CL" Id="4" Rule="ClCl" Head="0">
              <Node Cat="CL" Id="5" Rule="V-ADV-S" Head="0">
                <Node Cat="V" Id="6" Rule="Vp2V" Head="0">
                  <Node Cat="vp" Id="7" Rule="V2VP" Head="0">
                    <Node Cat="verb" Id="8" morphId="540030070011" Unicode="δεῖ" Lemma="δέω" Lang="G" StrongNumber="G12100" Morph="V,IPA3,,S," Mood="Indicative" Tense="Present" Voice="Active" Person="Third" Number="Singular" English="he must">δεῖ</Node>
                  </Node>
                </Node>
                <Node Cat="ADV" Id="9" Rule="Advp2ADV" Head="0">
                  <Node Cat="advp" Id="10" Rule="Adv2Advp" Head="0">
                    <Node Cat="adv" Id="11" morphId="540030070031" Unicode="καὶ," Lemma="καί" Lang="G" StrongNumber="G25320" Morph="D,,,,,,,,," English="moreover">καὶ,</Node>
                  </Node>
                </Node>
                <Node Cat="S" Id="12" Rule="Np2S" Head="0">
                  <Node Cat="np" Id="13" Rule="CL2NP" Head="0">
                    <Node Cat="CL" Id="14" Rule="O-V-ADV" Head="1">
                      <Node Cat="O" Id="15" Rule="Np2O" Head="0">
                        <Node Cat="np" Id="16" Rule="NpAdjp" Head="0">
                          <Node Cat="np" Id="17" Rule="N2NP" Head="0">
                            <Node Cat="noun" Id="18" morphId="540030070041" Unicode="μαρτυρίαν" Lemma="μαρτυρία" Lang="G" StrongNumber="G31410" Morph="N,,,,,AFS," Case="Accusative" Gender="Feminine" Number="Singular" English="a ~ reputation">μαρτυρίαν</Node>
                          </Node>
                          <Node Cat="adjp" Id="19" Rule="Adj2Adjp" Head="0">
                            <Node Cat="adj" Id="20" morphId="540030070051" Unicode="καλὴν" Lemma="καλός" Lang="G" StrongNumber="G25700" Morph="AA,,,,AFS," Type="Ascriptive" Case="Accusative" Gender="Feminine" Number="Singular" English="good">καλὴν</Node>
                          </Node>
                        </Node>
                      </Node>
                      <Node Cat="V" Id="21" Rule="Vp2V" Head="0">
                        <Node Cat="vp" Id="22" Rule="V2VP" Head="0">
                          <Node Cat="verb" Id="23" morphId="540030070061" Unicode="ἔχειν" Lemma="ἔχω" Lang="G" StrongNumber="G21920" Morph="V,NPA,,,,," Mood="Infinitive" Tense="Present" Voice="Active" English="have">ἔχειν</Node>
                        </Node>
                      </Node>
                      <Node Cat="ADV" Id="24" Rule="pp2ADV" Head="0">
                        <Node Cat="pp" Id="25" Rule="PrepNp" Head="1">
                          <Node Cat="prep" Id="26" morphId="540030070071" Unicode="ἀπὸ" Lemma="ἀπό" Lang="G" StrongNumber="G05750" Morph="P,,,,,G,,," Case="Genitive" English="among">ἀπὸ</Node>
                          <Node Cat="np" Id="27" Rule="PronNP" Head="1">
                            <Node Cat="pron" Id="28" morphId="540030070081" Unicode="τῶν" Lemma="ὁ" Lang="G" StrongNumber="G35880" Morph="RD,,,,GMP," Type="Demonstrative" Case="Genitive" Gender="Masculine" Number="Plural" English="those">τῶν</Node>
                            <Node Cat="np" Id="29" Rule="advp2np" Head="0">
                              <Node Cat="advp" Id="30" Rule="Adv2Advp" Head="0">
                                <Node Cat="adv" Id="31" morphId="540030070091" Unicode="ἔξωθεν," Lemma="ἔξωθεν" Lang="G" StrongNumber="G18550" Morph="D,,,,,,,,," English="outsiders">ἔξωθεν,</Node>
                              </Node>
                            </Node>
                          </Node>
                        </Node>
                      </Node>
                    </Node>
                  </Node>
                </Node>
              </Node>
              <Node Cat="CL" Id="32" Rule="sub-CL" Head="1">
                <Node Cat="conj" Id="33" morphId="540030070101" Unicode="ἵνα" Lemma="ἵνα" Lang="G" StrongNumber="G24430" Morph="CS,,,,,,,," Type="Subordinating" English="so that">ἵνα</Node>
                <Node Cat="CL" Id="34" Rule="ADV-V-ADV" Head="1">
                  <Node Cat="ADV" Id="35" Rule="Advp2ADV" Head="0">
                    <Node Cat="advp" Id="36" Rule="Adv2Advp" Head="0">
                      <Node Cat="adv" Id="37" morphId="540030070111" Unicode="μὴ" Lemma="μή" Lang="G" StrongNumber="G33610" Morph="D,,,,,,,,," English="not">μὴ</Node>
                    </Node>
                  </Node>
                  <Node Cat="V" Id="38" Rule="Vp2V" Head="0">
                    <Node Cat="vp" Id="39" Rule="V2VP" Head="0">
                      <Node Cat="verb" Id="40" morphId="540030070141" Unicode="ἐμπέσῃ," Lemma="ἐμπίπτω" Lang="G" StrongNumber="G17060" Morph="V,SAA3,,S," Mood="Subjunctive" Tense="Aorist" Voice="Active" Person="Third" Number="Singular" English="he may ~ fall">ἐμπέσῃ,</Node>
                    </Node>
                  </Node>
                  <Node Cat="ADV" Id="41" Rule="pp2ADV" Head="0">
                    <Node Cat="pp" Id="42" Rule="PrepNp" Head="1">
                      <Node Cat="prep" Id="43" morphId="540030070121" Unicode="εἰς" Lemma="εἰς" Lang="G" StrongNumber="G15190" Morph="P,,,,,A,,," Case="Accusative" English="into">εἰς</Node>
                      <Node Cat="np" Id="44" Rule="NpaNp" Head="0">
                        <Node Cat="np" Id="45" Rule="N2NP" Head="0">
                          <Node Cat="noun" Id="46" morphId="540030070131" Unicode="ὀνειδισμὸν" Lemma="ὀνειδισμός" Lang="G" StrongNumber="G36800" Morph="N,,,,,AMS," Case="Accusative" Gender="Masculine" Number="Singular" English="disgrace">ὀνειδισμὸν</Node>
                        </Node>
                        <Node Cat="conj" Id="47" morphId="540030070151" Unicode="καὶ" Lemma="καί" Lang="G" StrongNumber="G25320" Morph="CC,,,,,,,," Type="Coordinating" English="and">καὶ</Node>
                        <Node Cat="np" Id="48" Rule="NPofNP" Head="0">
                          <Node Cat="np" Id="49" Rule="N2NP" Head="0">
                            <Node Cat="noun" Id="50" morphId="540030070161" Unicode="παγίδα" Lemma="παγίς" Lang="G" StrongNumber="G38030" Morph="N,,,,,AFS," Case="Accusative" Gender="Feminine" Number="Singular" English="snare">παγίδα</Node>
                          </Node>
                          <Node Cat="np" Id="51" Rule="DetNP" Head="1">
                            <Node Cat="det" Id="52" morphId="540030070171" Unicode="τοῦ" Lemma="ὁ" Lang="G" StrongNumber="G35880" Morph="EA,,,,GMS," Type="Article" Case="Genitive" Gender="Masculine" Number="Singular" English="the">τοῦ</Node>
                            <Node Cat="np" Id="53" Rule="N2NP" Head="0">
                              <Node Cat="noun" Id="54" morphId="540030070181" Unicode="διαβόλου." Lemma="διάβολος" Lang="G" StrongNumber="G12280" Morph="NS,,,,GMS," Type="Substantive_Adj" Case="Genitive" Gender="Masculine" Number="Singular" English="of ~ devil">διαβόλου.</Node>
                            </Node>
                          </Node>
                        </Node>
                      </Node>
                    </Node>
                  </Node>
                </Node>
              </Node>
            </Node>
          </Node>
        </Node>
      </Tree>
    </Trees>
  </Sentence>
  <Sentence ID="54003008">
    <Trees>
      <Tree>
        <Node Cat="Verse" Id="1" Head="0">
          <Node Cat="CL" Id="2" Rule="ADV-S" Head="1">
            <Node Cat="ADV" Id="3" Rule="Advp2ADV" Head="0">
              <Node Cat="advp" Id="4" Rule="Adv2Advp" Head="0">
                <Node Cat="adv" Id="5" morphId="540030080021" Unicode="ὡσαύτως" Lemma="ὡσαύτως" Lang="G" StrongNumber="G56150" Morph="D,,,,,,,,," English="likewise">ὡσαύτως</Node>
              </Node>
            </Node>
            <Node Cat="S" Id="6" Rule="CL2S" Head="0">
              <Node Cat="CL" Id="7" Rule="S-P" Head="1">
                <Node Cat="S" Id="8" Rule="Np2S" Head="0">
                  <Node Cat="np" Id="9" Rule="N2NP" Head="0">
                    <Node Cat="noun" Id="10" morphId="540030080011" Unicode="διακόνους" Lemma="διάκονος" Lang="G" StrongNumber="G12490" Morph="N,,,,,AMP," Case="Accusative" Gender="Masculine" Number="Plural" English="deacons">διακόνους</Node>
                  </Node>
                </Node>
                <Node Cat="P" Id="11" Rule="Adjp2P" Head="0">
                  <Node Cat="adjp" Id="12" Rule="AdjpAdjpAdjpAdjp" Head="0">
                    <Node Cat="adjp" Id="13" Rule="Adj2Adjp" Head="0">
                      <Node Cat="adj" Id="14" Rule="u_Noun2Adj" Head="0">
                        <Node Cat="noun" Id="15" morphId="540030080031" Unicode="σεμνούς," Lemma="σεμνός" Lang="G" StrongNumber="G45860" Morph="NS,,,,AMP," Type="Substantive_Adj" Case="Accusative" Gender="Masculine" Number="Plural" English="worthy of respect">σεμνούς,</Node>
                      </Node>
                    </Node>
                    <Node Cat="adjp" Id="16" Rule="AdvpAdjp" Head="1">
                      <Node Cat="advp" Id="17" Rule="Adv2Advp" Head="0">
                        <Node Cat="adv" Id="18" morphId="540030080041" Unicode="μὴ" Lemma="μή" Lang="G" StrongNumber="G33610" Morph="D,,,,,,,,," English="not">μὴ</Node>
                      </Node>
                      <Node Cat="adjp" Id="19" Rule="Adj2Adjp" Head="0">
                        <Node Cat="adj" Id="20" Rule="u_Noun2Adj" Head="0">
                          <Node Cat="noun" Id="21" morphId="540030080051" Unicode="διλόγους," Lemma="δίλογος" Lang="G" StrongNumber="G13510" Morph="NS,,,,AMP," Type="Substantive_Adj" Case="Accusative" Gender="Masculine" Number="Plural" English="double-tongued">διλόγους,</Node>
                        </Node>
                      </Node>
                    </Node>
                    <Node Cat="adjp" Id="22" Rule="CL2Adjp" Head="0">
                      <Node Cat="CL" Id="23" Rule="ADV-ADV-V" Head="2">
                        <Node Cat="ADV" Id="24" Rule="Advp2ADV" Head="0">
                          <Node Cat="advp" Id="25" Rule="Adv2Advp" Head="0">
                            <Node Cat="adv" Id="26" morphId="540030080061" Unicode="μὴ" Lemma="μή" Lang="G" StrongNumber="G33610" Morph="D,,,,,,,,," English="not">μὴ</Node>
                          </Node>
                        </Node>
                        <Node Cat="ADV" Id="27" Rule="Np2ADV" Head="0">
                          <Node Cat="np" Id="28" Rule="NpAdjp" Head="0">
                            <Node Cat="np" Id="29" Rule="N2NP" Head="0">
                              <Node Cat="noun" Id="30" morphId="540030080071" Unicode="οἴνῳ" Lemma="οἶνος" Lang="G" StrongNumber="G36310" Morph="N,,,,,DMS," Case="Dative" Gender="Masculine" Number="Singular" English="to ~ wine">οἴνῳ</Node>
                            </Node>
                            <Node Cat="adjp" Id="31" Rule="Adj2Adjp" Head="0">
                              <Node Cat="adj" Id="32" Rule="u_Det2Adj" Head="0">
                                <Node Cat="det" Id="33" morphId="540030080081" Unicode="πολλῷ" Lemma="πολλός" Lang="G" StrongNumber="G41830" Morph="EQ,,,,DMS," Type="Quantifier" Case="Dative" Gender="Masculine" Number="Singular" English="much">πολλῷ</Node>
                              </Node>
                            </Node>
                          </Node>
                        </Node>
                        <Node Cat="V" Id="34" Rule="Vp2V" Head="0">
                          <Node Cat="vp" Id="35" Rule="V2VP" Head="0">
                            <Node Cat="verb" Id="36" morphId="540030080091" Unicode="προσέχοντας," Lemma="προσέχω" Lang="G" StrongNumber="G43370" Morph="V,PPA,AMP," Mood="Participle" Tense="Present" Voice="Active" Case="Accusative" Gender="Masculine" Number="Plural" English="addicted">προσέχοντας,</Node>
                          </Node>
                        </Node>
                      </Node>
                    </Node>
                    <Node Cat="adjp" Id="37" Rule="AdvpAdjp" Head="1">
                      <Node Cat="advp" Id="38" Rule="Adv2Advp" Head="0">
                        <Node Cat="adv" Id="39" morphId="540030080101" Unicode="μὴ" Lemma="μή" Lang="G" StrongNumber="G33610" Morph="D,,,,,,,,," English="not">μὴ</Node>
                      </Node>
                      <Node Cat="adjp" Id="40" Rule="Adj2Adjp" Head="0">
                        <Node Cat="adj" Id="41" Rule="u_Noun2Adj" Head="0">
                          <Node Cat="noun" Id="42" morphId="540030080111" Unicode="αἰσχροκερδεῖς," Lemma="αἰσχροκερδής" Lang="G" StrongNumber="G01460" Morph="NS,,,,AMP," Type="Substantive_Adj" Case="Accusative" Gender="Masculine" Number="Plural" English="greedy for money">αἰσχροκερδεῖς,</Node>
                        </Node>
                      </Node>
                    </Node>
                  </Node>
                </Node>
              </Node>
            </Node>
          </Node>
        </Node>
      </Tree>
    </Trees>
  </Sentence>
  <Sentence ID="54003009">
    <Trees>
      <Tree>
        <Node Cat="Verse" Id="1" Head="0">
          <Node Cat="CL" Id="2" Rule="V-O-ADV" Head="0">
            <Node Cat="V" Id="3" Rule="Vp2V" Head="0">
              <Node Cat="vp" Id="4" Rule="V2VP" Head="0">
                <Node Cat="verb" Id="5" morphId="540030090011" Unicode="ἔχοντας" Lemma="ἔχω" Lang="G" StrongNumber="G21920" Morph="V,PPA,AMP," Mood="Participle" Tense="Present" Voice="Active" Case="Accusative" Gender="Masculine" Number="Plural" English="holding">ἔχοντας</Node>
              </Node>
            </Node>
            <Node Cat="O" Id="6" Rule="Np2O" Head="0">
              <Node Cat="np" Id="7" Rule="DetNP" Head="1">
                <Node Cat="det" Id="8" morphId="540030090021" Unicode="τὸ" Lemma="ὁ" Lang="G" StrongNumber="G35880" Morph="EA,,,,ANS," Type="Article" Case="Accusative" Gender="Neuter" Number="Singular" English="the">τὸ</Node>
                <Node Cat="np" Id="9" Rule="NPofNP" Head="0">
                  <Node Cat="np" Id="10" Rule="N2NP" Head="0">
                    <Node Cat="noun" Id="11" morphId="540030090031" Unicode="μυστήριον" Lemma="μυστήριον" Lang="G" StrongNumber="G34660" Morph="N,,,,,ANS," Case="Accusative" Gender="Neuter" Number="Singular" English="mystery">μυστήριον</Node>
                  </Node>
                  <Node Cat="np" Id="12" Rule="DetNP" Head="1">
                    <Node Cat="det" Id="13" morphId="540030090041" Unicode="τῆς" Lemma="ὁ" Lang="G" StrongNumber="G35880" Morph="EA,,,,GFS," Type="Article" Case="Genitive" Gender="Feminine" Number="Singular" English="the">τῆς</Node>
                    <Node Cat="np" Id="14" Rule="N2NP" Head="0">
                      <Node Cat="noun" Id="15" morphId="540030090051" Unicode="πίστεως" Lemma="πίστις" Lang="G" StrongNumber="G41020" Morph="N,,,,,GFS," Case="Genitive" Gender="Feminine" Number="Singular" English="of ~ faith">πίστεως</Node>
                    </Node>
                  </Node>
                </Node>
              </Node>
            </Node>
            <Node Cat="ADV" Id="16" Rule="pp2ADV" Head="0">
              <Node Cat="pp" Id="17" Rule="PrepNp" Head="1">
                <Node Cat="prep" Id="18" morphId="540030090061" Unicode="ἐν" Lemma="ἐν" Lang="G" StrongNumber="G17220" Morph="P,,,,,D,,," Case="Dative" English="with">ἐν</Node>
                <Node Cat="np" Id="19" Rule="AdjpNp" Head="1">
                  <Node Cat="adjp" Id="20" Rule="Adj2Adjp" Head="0">
                    <Node Cat="adj" Id="21" morphId="540030090071" Unicode="καθαρᾷ" Lemma="καθαρός" Lang="G" StrongNumber="G25130" Morph="AA,,,,DFS," Type="Ascriptive" Case="Dative" Gender="Feminine" Number="Singular" English="clear">καθαρᾷ</Node>
                  </Node>
                  <Node Cat="np" Id="22" Rule="N2NP" Head="0">
                    <Node Cat="noun" Id="23" morphId="540030090081" Unicode="συνειδήσει." Lemma="συνείδησις" Lang="G" StrongNumber="G48930" Morph="N,,,,,DFS," Case="Dative" Gender="Feminine" Number="Singular" English="a ~ conscience">συνειδήσει.</Node>
                  </Node>
                </Node>
              </Node>
            </Node>
          </Node>
        </Node>
      </Tree>
    </Trees>
  </Sentence>
  <Sentence ID="54003010">
    <Trees>
      <Tree>
        <Node Cat="Verse" Id="1" Head="0">
          <Node Cat="CL" Id="2" Rule="Conj-CL" Head="1">
            <Node Cat="conj" Id="3" morphId="540030100031" Unicode="δὲ" Lemma="δέ" Lang="G" StrongNumber="G11610" Morph="CC,,,,,,,," Type="Coordinating" English="and">δὲ</Node>
            <Node Cat="CL" Id="4" Rule="ClCl" Head="0">
              <Node Cat="CL" Id="5" Rule="S-V-ADV" Head="1">
                <Node Cat="S" Id="6" Rule="Np2S" Head="0">
                  <Node Cat="np" Id="7" Rule="AdvpNp" Head="1">
                    <Node Cat="advp" Id="8" Rule="Adv2Advp" Head="0">
                      <Node Cat="adv" Id="9" morphId="540030100011" Unicode="καὶ" Lemma="καί" Lang="G" StrongNumber="G25320" Morph="D,,,,,,,,," English="also">καὶ</Node>
                    </Node>
                    <Node Cat="np" Id="10" Rule="Pron2NP" Head="0">
                      <Node Cat="pron" Id="11" morphId="540030100021" Unicode="οὗτοι" Lemma="οὗτος" Lang="G" StrongNumber="G37780" Morph="RD,,,,NMP," Type="Demonstrative" Case="Nominative" Gender="Masculine" Number="Plural" English="these ones">οὗτοι</Node>
                    </Node>
                  </Node>
                </Node>
                <Node Cat="V" Id="12" Rule="Vp2V" Head="0">
                  <Node Cat="vp" Id="13" Rule="V2VP" Head="0">
                    <Node Cat="verb" Id="14" morphId="540030100041" Unicode="δοκιμαζέσθωσαν" Lemma="δοκιμάζω" Lang="G" StrongNumber="G13810" Morph="V,MPP3,,P," Mood="Imperative" Tense="Present" Voice="Passive" Person="Third" Number="Plural" English="must ~ be tested">δοκιμαζέσθωσαν</Node>
                  </Node>
                </Node>
                <Node Cat="ADV" Id="15" Rule="Advp2ADV" Head="0">
                  <Node Cat="advp" Id="16" Rule="Adv2Advp" Head="0">
                    <Node Cat="adv" Id="17" morphId="540030100051" Unicode="πρῶτον;" Lemma="πρῶτον" Lang="G" StrongNumber="G44120" Morph="D,,,,,,,,S" English="first">πρῶτον;</Node>
                  </Node>
                </Node>
              </Node>
              <Node Cat="CL" Id="18" Rule="ADV-V-ADV" Head="1">
                <Node Cat="ADV" Id="19" Rule="Advp2ADV" Head="0">
                  <Node Cat="advp" Id="20" Rule="Adv2Advp" Head="0">
                    <Node Cat="adv" Id="21" morphId="540030100061" Unicode="εἶτα" Lemma="εἶτα" Lang="G" StrongNumber="G15340" Morph="D,,,,,,,,," English="then">εἶτα</Node>
                  </Node>
                </Node>
                <Node Cat="V" Id="22" Rule="Vp2V" Head="0">
                  <Node Cat="vp" Id="23" Rule="V2VP" Head="0">
                    <Node Cat="verb" Id="24" morphId="540030100071" Unicode="διακονείτωσαν," Lemma="διακονέω" Lang="G" StrongNumber="G12470" Morph="V,MPA3,,P," Mood="Imperative" Tense="Present" Voice="Active" Person="Third" Number="Plural" English="let them serve as deacons">διακονείτωσαν,</Node>
                  </Node>
                </Node>
                <Node Cat="ADV" Id="25" Rule="CL2ADV" Head="0">
                  <Node Cat="CL" Id="26" Rule="P-VC" Head="0">
                    <Node Cat="P" Id="27" Rule="Np2P" Head="0">
                      <Node Cat="np" Id="28" Rule="N2NP" Head="0">
                        <Node Cat="noun" Id="29" morphId="540030100081" Unicode="ἀνέγκλητοι" Lemma="ἀνέγκλητος" Lang="G" StrongNumber="G04100" Morph="NP,,,,NMP," Type="Predicate_Adj" Case="Nominative" Gender="Masculine" Number="Plural" English="blameless">ἀνέγκλητοι</Node>
                      </Node>
                    </Node>
                    <Node Cat="VC" Id="30" Rule="vp2VC" Head="0">
                      <Node Cat="vp" Id="31" Rule="V2VP" Head="0">
                        <Node Cat="verb" Id="32" morphId="540030100091" Unicode="ὄντες." Lemma="εἰμί" Lang="G" StrongNumber="G15100" Morph="V,PPA,NMP," Mood="Participle" Tense="Present" Voice="Active" Case="Nominative" Gender="Masculine" Number="Plural" English="if ~ prove">ὄντες.</Node>
                      </Node>
                    </Node>
                  </Node>
                </Node>
              </Node>
            </Node>
          </Node>
        </Node>
      </Tree>
    </Trees>
  </Sentence>
  <Sentence ID="54003011">
    <Trees>
      <Tree>
        <Node Cat="Verse" Id="1" Head="0">
          <Node Cat="CL" Id="2" Rule="ADV-S" Head="1">
            <Node Cat="ADV" Id="3" Rule="Advp2ADV" Head="0">
              <Node Cat="advp" Id="4" Rule="Adv2Advp" Head="0">
                <Node Cat="adv" Id="5" morphId="540030110021" Unicode="ὡσαύτως" Lemma="ὡσαύτως" Lang="G" StrongNumber="G56150" Morph="D,,,,,,,,," English="likewise">ὡσαύτως</Node>
              </Node>
            </Node>
            <Node Cat="S" Id="6" Rule="CL2S" Head="0">
              <Node Cat="CL" Id="7" Rule="S-P" Head="1">
                <Node Cat="S" Id="8" Rule="Np2S" Head="0">
                  <Node Cat="np" Id="9" Rule="N2NP" Head="0">
                    <Node Cat="noun" Id="10" morphId="540030110011" Unicode="γυναῖκας" Lemma="γυνή" Lang="G" StrongNumber="G11350" Morph="N,,,,,AFP," Case="Accusative" Gender="Feminine" Number="Plural" English="wives">γυναῖκας</Node>
                  </Node>
                </Node>
                <Node Cat="P" Id="11" Rule="Adjp2P" Head="0">
                  <Node Cat="adjp" Id="12" Rule="AdjpAdjpAdjpAdjp" Head="0">
                    <Node Cat="adjp" Id="13" Rule="Adj2Adjp" Head="0">
                      <Node Cat="adj" Id="14" Rule="u_Noun2Adj" Head="0">
                        <Node Cat="noun" Id="15" morphId="540030110031" Unicode="σεμνάς," Lemma="σεμνός" Lang="G" StrongNumber="G45860" Morph="NS,,,,AFP," Type="Substantive_Adj" Case="Accusative" Gender="Feminine" Number="Plural" English="dignified">σεμνάς,</Node>
                      </Node>
                    </Node>
                    <Node Cat="adjp" Id="16" Rule="AdvpAdjp" Head="1">
                      <Node Cat="advp" Id="17" Rule="Adv2Advp" Head="0">
                        <Node Cat="adv" Id="18" morphId="540030110041" Unicode="μὴ" Lemma="μή" Lang="G" StrongNumber="G33610" Morph="D,,,,,,,,," English="not">μὴ</Node>
                      </Node>
                      <Node Cat="adjp" Id="19" Rule="Adj2Adjp" Head="0">
                        <Node Cat="adj" Id="20" Rule="u_Noun2Adj" Head="0">
                          <Node Cat="noun" Id="21" morphId="540030110051" Unicode="διαβόλους," Lemma="διάβολος" Lang="G" StrongNumber="G12280" Morph="NS,,,,AFP," Type="Substantive_Adj" Case="Accusative" Gender="Feminine" Number="Plural" English="slanderers">διαβόλους,</Node>
                        </Node>
                      </Node>
                    </Node>
                    <Node Cat="adjp" Id="22" Rule="Adj2Adjp" Head="0">
                      <Node Cat="adj" Id="23" Rule="u_Noun2Adj" Head="0">
                        <Node Cat="noun" Id="24" morphId="540030110061" Unicode="νηφαλίους," Lemma="νηφάλιος" Lang="G" StrongNumber="G35240" Morph="NS,,,,AFP," Type="Substantive_Adj" Case="Accusative" Gender="Feminine" Number="Plural" English="temperate">νηφαλίους,</Node>
                      </Node>
                    </Node>
                    <Node Cat="adjp" Id="25" Rule="AdjpPp" Head="0">
                      <Node Cat="adjp" Id="26" Rule="Adj2Adjp" Head="0">
                        <Node Cat="adj" Id="27" Rule="u_Noun2Adj" Head="0">
                          <Node Cat="noun" Id="28" morphId="540030110071" Unicode="πιστὰς" Lemma="πιστός" Lang="G" StrongNumber="G41030" Morph="NS,,,,AFP," Type="Substantive_Adj" Case="Accusative" Gender="Feminine" Number="Plural" English="faithful">πιστὰς</Node>
                        </Node>
                      </Node>
                      <Node Cat="pp" Id="29" Rule="PrepNp" Head="1">
                        <Node Cat="prep" Id="30" morphId="540030110081" Unicode="ἐν" Lemma="ἐν" Lang="G" StrongNumber="G17220" Morph="P,,,,,D,,," Case="Dative" English="in">ἐν</Node>
                        <Node Cat="np" Id="31" Rule="Pron2NP" Head="0">
                          <Node Cat="pron" Id="32" morphId="540030110091" Unicode="πᾶσιν." Lemma="πᾶς" Lang="G" StrongNumber="G39560" Morph="RI,,,,DNP," Type="Indefinite" Case="Dative" Gender="Neuter" Number="Plural" English="all things">πᾶσιν.</Node>
                        </Node>
                      </Node>
                    </Node>
                  </Node>
                </Node>
              </Node>
            </Node>
          </Node>
        </Node>
      </Tree>
    </Trees>
  </Sentence>
  <Sentence ID="54003012">
    <Trees>
      <Tree>
        <Node Cat="Verse" Id="1" Head="0">
          <Node Cat="CL" Id="2" Rule="S-VC-P-ADV" Head="2">
            <Node Cat="S" Id="3" Rule="Np2S" Head="0">
              <Node Cat="np" Id="4" Rule="N2NP" Head="0">
                <Node Cat="noun" Id="5" morphId="540030120011" Unicode="διάκονοι" Lemma="διάκονος" Lang="G" StrongNumber="G12490" Morph="N,,,,,NMP," Case="Nominative" Gender="Masculine" Number="Plural" English="deacons">διάκονοι</Node>
              </Node>
            </Node>
            <Node Cat="VC" Id="6" Rule="vp2VC" Head="0">
              <Node Cat="vp" Id="7" Rule="V2VP" Head="0">
                <Node Cat="verb" Id="8" morphId="540030120021" Unicode="ἔστωσαν" Lemma="εἰμί" Lang="G" StrongNumber="G15100" Morph="V,MPA3,,P," Mood="Imperative" Tense="Present" Voice="Active" Person="Third" Number="Plural" English="let ~ be">ἔστωσαν</Node>
              </Node>
            </Node>
            <Node Cat="P" Id="9" Rule="Np2P" Head="0">
              <Node Cat="np" Id="10" Rule="ofNPNP" Head="1">
                <Node Cat="np" Id="11" Rule="NumpNP" Head="1">
                  <Node Cat="nump" Id="12" Rule="Num2Nump" Head="0">
                    <Node Cat="num" Id="13" Rule="u_Det2Num" Head="0">
                      <Node Cat="det" Id="14" morphId="540030120031" Unicode="μιᾶς" Lemma="εἷς" Lang="G" StrongNumber="G15200" Morph="EN,,,,GFS," Type="Number" Case="Genitive" Gender="Feminine" Number="Singular" English="one">μιᾶς</Node>
                    </Node>
                  </Node>
                  <Node Cat="np" Id="15" Rule="N2NP" Head="0">
                    <Node Cat="noun" Id="16" morphId="540030120041" Unicode="γυναικὸς" Lemma="γυνή" Lang="G" StrongNumber="G11350" Morph="N,,,,,GFS," Case="Genitive" Gender="Feminine" Number="Singular" English="of ~ wife">γυναικὸς</Node>
                  </Node>
                </Node>
                <Node Cat="np" Id="17" Rule="N2NP" Head="0">
                  <Node Cat="noun" Id="18" morphId="540030120051" Unicode="ἄνδρες," Lemma="ἀνήρ" Lang="G" StrongNumber="G04350" Morph="N,,,,,NMP," Case="Nominative" Gender="Masculine" Number="Plural" English="husbands">ἄνδρες,</Node>
                </Node>
              </Node>
            </Node>
            <Node Cat="ADV" Id="19" Rule="CL2ADV" Head="0">
              <Node Cat="CL" Id="20" Rule="ADV-V-O" Head="1">
                <Node Cat="ADV" Id="21" Rule="Advp2ADV" Head="0">
                  <Node Cat="advp" Id="22" Rule="Adv2Advp" Head="0">
                    <Node Cat="adv" Id="23" morphId="540030120071" Unicode="καλῶς" Lemma="καλῶς" Lang="G" StrongNumber="G25730" Morph="D,,,,,,,,," English="well">καλῶς</Node>
                  </Node>
                </Node>
                <Node Cat="V" Id="24" Rule="Vp2V" Head="0">
                  <Node Cat="vp" Id="25" Rule="V2VP" Head="0">
                    <Node Cat="verb" Id="26" morphId="540030120081" Unicode="προϊστάμενοι" Lemma="προΐστημι" Lang="G" StrongNumber="G42910" Morph="V,PPM,NMP," Mood="Participle" Tense="Present" Voice="Middle" Case="Nominative" Gender="Masculine" Number="Plural" English="managing">προϊστάμενοι</Node>
                  </Node>
                </Node>
                <Node Cat="O" Id="27" Rule="Np2O" Head="0">
                  <Node Cat="np" Id="28" Rule="NpaNp" Head="0">
                    <Node Cat="np" Id="29" Rule="N2NP" Head="0">
                      <Node Cat="noun" Id="30" morphId="540030120061" Unicode="τέκνων" Lemma="τέκνον" Lang="G" StrongNumber="G50430" Morph="N,,,,,GNP," Case="Genitive" Gender="Neuter" Number="Plural" English="children">τέκνων</Node>
                    </Node>
                    <Node Cat="conj" Id="31" morphId="540030120091" Unicode="καὶ" Lemma="καί" Lang="G" StrongNumber="G25320" Morph="CC,,,,,,,," Type="Coordinating" English="and">καὶ</Node>
                    <Node Cat="np" Id="32" Rule="DetNP" Head="1">
                      <Node Cat="det" Id="33" morphId="540030120101" Unicode="τῶν" Lemma="ὁ" Lang="G" StrongNumber="G35880" Morph="EP,,,,GMP," Type="Possessive" Case="Genitive" Gender="Masculine" Number="Plural" English="their">τῶν</Node>
                      <Node Cat="np" Id="34" Rule="AdjpNp" Head="1">
                        <Node Cat="adjp" Id="35" Rule="Adj2Adjp" Head="0">
                          <Node Cat="adj" Id="36" Rule="u_Det2Adj" Head="0">
                            <Node Cat="det" Id="37" morphId="540030120111" Unicode="ἰδίων" Lemma="ἴδιος" Lang="G" StrongNumber="G23980" Morph="EF,,,,GMP," Type="Differential" Case="Genitive" Gender="Masculine" Number="Plural" English="their own">ἰδίων</Node>
                          </Node>
                        </Node>
                        <Node Cat="np" Id="38" Rule="N2NP" Head="0">
                          <Node Cat="noun" Id="39" morphId="540030120121" Unicode="οἴκων." Lemma="οἶκος" Lang="G" StrongNumber="G36240" Morph="N,,,,,GMP," Case="Genitive" Gender="Masculine" Number="Plural" English="households">οἴκων.</Node>
                        </Node>
                      </Node>
                    </Node>
                  </Node>
                </Node>
              </Node>
            </Node>
          </Node>
        </Node>
      </Tree>
    </Trees>
  </Sentence>
  <Sentence ID="54003013">
    <Trees>
      <Tree>
        <Node Cat="Verse" Id="1" Head="0">
          <Node Cat="CL" Id="2" Rule="Conj-CL" Head="1">
            <Node Cat="conj" Id="3" morphId="540030130021" Unicode="γὰρ" Lemma="γάρ" Lang="G" StrongNumber="G10630" Morph="CC,,,,,,,," Type="Coordinating" English="for">γὰρ</Node>
            <Node Cat="CL" Id="4" Rule="CLaCL" Head="0">
              <Node Cat="CL" Id="5" Rule="S-O-IO-V" Head="3">
                <Node Cat="S" Id="6" Rule="Np2S" Head="0">
                  <Node Cat="np" Id="7" Rule="DetCL" Head="1">
                    <Node Cat="det" Id="8" Rule="u_Pron2Det" Head="0">
                      <Node Cat="pron" Id="9" morphId="540030130011" Unicode="οἱ" Lemma="ὁ" Lang="G" StrongNumber="G35880" Morph="RD,,,,NMP," Type="Demonstrative" Case="Nominative" Gender="Masculine" Number="Plural" English="those">οἱ</Node>
                    </Node>
                    <Node Cat="CL" Id="10" Rule="ADV-V" Head="1">
                      <Node Cat="ADV" Id="11" Rule="Advp2ADV" Head="0">
                        <Node Cat="advp" Id="12" Rule="Adv2Advp" Head="0">
                          <Node Cat="adv" Id="13" morphId="540030130031" Unicode="καλῶς" Lemma="καλῶς" Lang="G" StrongNumber="G25730" Morph="D,,,,,,,,," English="well">καλῶς</Node>
                        </Node>
                      </Node>
                      <Node Cat="V" Id="14" Rule="Vp2V" Head="0">
                        <Node Cat="vp" Id="15" Rule="V2VP" Head="0">
                          <Node Cat="verb" Id="16" morphId="540030130041" Unicode="διακονήσαντες," Lemma="διακονέω" Lang="G" StrongNumber="G12470" Morph="V,PAA,NMP," Mood="Participle" Tense="Aorist" Voice="Active" Case="Nominative" Gender="Masculine" Number="Plural" English="who have served">διακονήσαντες,</Node>
                        </Node>
                      </Node>
                    </Node>
                  </Node>
                </Node>
                <Node Cat="O" Id="17" Rule="Np2O" Head="0">
                  <Node Cat="np" Id="18" Rule="NP-Demo" Head="0">
                    <Node Cat="np" Id="19" Rule="N2NP" Head="0">
                      <Node Cat="noun" Id="20" morphId="540030130051" Unicode="βαθμὸν" Lemma="βαθμός" Lang="G" StrongNumber="G08980" Morph="N,,,,,AMS," Case="Accusative" Gender="Masculine" Number="Singular" English="a ~ standing">βαθμὸν</Node>
                    </Node>
                    <Node Cat="np" Id="21" Rule="N2NP" Head="0">
                      <Node Cat="noun" Id="22" morphId="540030130071" Unicode="καλὸν" Lemma="καλός" Lang="G" StrongNumber="G25700" Morph="NS,,,,AMS," Type="Substantive_Adj" Case="Accusative" Gender="Masculine" Number="Singular" English="good">καλὸν</Node>
                    </Node>
                  </Node>
                </Node>
                <Node Cat="IO" Id="23" Rule="Np2IO" Head="0">
                  <Node Cat="np" Id="24" Rule="Pron2NP" Head="0">
                    <Node Cat="pron" Id="25" morphId="540030130061" Unicode="ἑαυτοῖς" Lemma="ἑαυτοῦ" Lang="G" StrongNumber="G14380" Morph="RE,,,3DMP," Type="Reflexive" Person="Third" Case="Dative" Gender="Masculine" Number="Plural" English="for themselves">ἑαυτοῖς</Node>
                  </Node>
                </Node>
                <Node Cat="V" Id="26" Rule="Vp2V" Head="0">
                  <Node Cat="vp" Id="27" Rule="V2VP" Head="0">
                    <Node Cat="verb" Id="28" morphId="540030130081" Unicode="περιποιοῦνται," Lemma="περιποιέω" Lang="G" StrongNumber="G40460" Morph="V,IPM3,,P," Mood="Indicative" Tense="Present" Voice="Middle" Person="Third" Number="Plural" English="gain">περιποιοῦνται,</Node>
                  </Node>
                </Node>
              </Node>
              <Node Cat="conj" Id="29" morphId="540030130091" Unicode="καὶ" Lemma="καί" Lang="G" StrongNumber="G25320" Morph="CC,,,,,,,," Type="Coordinating" English="and">καὶ</Node>
              <Node Cat="CL" Id="30" Rule="O-ADV" Head="0">
                <Node Cat="O" Id="31" Rule="Np2O" Head="0">
                  <Node Cat="np" Id="32" Rule="AdjpNp" Head="1">
                    <Node Cat="adjp" Id="33" Rule="Adj2Adjp" Head="0">
                      <Node Cat="adj" Id="34" Rule="u_Det2Adj" Head="0">
                        <Node Cat="det" Id="35" morphId="540030130101" Unicode="πολλὴν" Lemma="πολλός" Lang="G" StrongNumber="G41830" Morph="EQ,,,,AFS," Type="Quantifier" Case="Accusative" Gender="Feminine" Number="Singular" English="great">πολλὴν</Node>
                      </Node>
                    </Node>
                    <Node Cat="np" Id="36" Rule="N2NP" Head="0">
                      <Node Cat="noun" Id="37" morphId="540030130111" Unicode="παρρησίαν" Lemma="παρρησία" Lang="G" StrongNumber="G39540" Morph="N,,,,,AFS," Case="Accusative" Gender="Feminine" Number="Singular" English="boldness">παρρησίαν</Node>
                    </Node>
                  </Node>
                </Node>
                <Node Cat="ADV" Id="38" Rule="pp2ADV" Head="0">
                  <Node Cat="pp" Id="39" Rule="PrepNp" Head="1">
                    <Node Cat="prep" Id="40" morphId="540030130121" Unicode="ἐν" Lemma="ἐν" Lang="G" StrongNumber="G17220" Morph="P,,,,,D,,," Case="Dative" English="in">ἐν</Node>
                    <Node Cat="np" Id="41" Rule="Np-Appos" Head="0">
                      <Node Cat="np" Id="42" Rule="N2NP" Head="0">
                        <Node Cat="noun" Id="43" morphId="540030130131" Unicode="πίστει" Lemma="πίστις" Lang="G" StrongNumber="G41020" Morph="N,,,,,DFS," Case="Dative" Gender="Feminine" Number="Singular" English="faith">πίστει</Node>
                      </Node>
                      <Node Cat="np" Id="44" Rule="NpPp" Head="0">
                        <Node Cat="np" Id="45" Rule="Pron2NP" Head="0">
                          <Node Cat="pron" Id="46" morphId="540030130141" Unicode="τῇ" Lemma="ὁ" Lang="G" StrongNumber="G35880" Morph="RD,,,,DFS," Type="Demonstrative" Case="Dative" Gender="Feminine" Number="Singular" English="that">τῇ</Node>
                        </Node>
                        <Node Cat="pp" Id="47" Rule="PrepNp" Head="1">
                          <Node Cat="prep" Id="48" morphId="540030130151" Unicode="ἐν" Lemma="ἐν" Lang="G" StrongNumber="G17220" Morph="P,,,,,D,,," Case="Dative" English="in">ἐν</Node>
                          <Node Cat="np" Id="49" Rule="Np-Appos" Head="0">
                            <Node Cat="np" Id="50" Rule="N2NP" Head="0">
                              <Node Cat="noun" Id="51" morphId="540030130161" Unicode="Χριστῷ" Lemma="χριστός" Lang="G" StrongNumber="G55470" Morph="N,,,,,DMS," Case="Dative" Gender="Masculine" Number="Singular" English="Christ">Χριστῷ</Node>
                            </Node>
                            <Node Cat="np" Id="52" Rule="N2NP" Head="0">
                              <Node Cat="noun" Id="53" morphId="540030130171" Unicode="Ἰησοῦ." Lemma="Ἰησοῦς" Lang="G" StrongNumber="G24240" Morph="N,,,,,DMS," Case="Dative" Gender="Masculine" Number="Singular" English="Jesus">Ἰησοῦ.</Node>
                            </Node>
                          </Node>
                        </Node>
                      </Node>
                    </Node>
                  </Node>
                </Node>
              </Node>
            </Node>
          </Node>
        </Node>
      </Tree>
    </Trees>
  </Sentence>
  <Sentence ID="54003014">
    <Trees>
      <Tree>
        <Node Cat="Verse" Id="1" Head="0">
          <Node Cat="CL" Id="2" Rule="O-IO-V-ADV" Head="2">
            <Node Cat="O" Id="3" Rule="Np2O" Head="0">
              <Node Cat="np" Id="4" Rule="Pron2NP" Head="0">
                <Node Cat="pron" Id="5" morphId="540030140011" Unicode="ταῦτά" Lemma="οὗτος" Lang="G" StrongNumber="G37780" Morph="RD,,,,ANP," Type="Demonstrative" Case="Accusative" Gender="Neuter" Number="Plural" English="These things">ταῦτά</Node>
              </Node>
            </Node>
            <Node Cat="IO" Id="6" Rule="Np2IO" Head="0">
              <Node Cat="np" Id="7" Rule="Pron2NP" Head="0">
                <Node Cat="pron" Id="8" morphId="540030140021" Unicode="σοι" Lemma="σύ" Lang="G" StrongNumber="G47710" Morph="RP,,,2D,S," Type="Personal" Person="Second" Case="Dative" Number="Singular" English="to you">σοι</Node>
              </Node>
            </Node>
            <Node Cat="V" Id="9" Rule="Vp2V" Head="0">
              <Node Cat="vp" Id="10" Rule="V2VP" Head="0">
                <Node Cat="verb" Id="11" morphId="540030140031" Unicode="γράφω," Lemma="γράφω" Lang="G" StrongNumber="G11250" Morph="V,IPA1,,S," Mood="Indicative" Tense="Present" Voice="Active" Person="First" Number="Singular" English="I am writing">γράφω,</Node>
              </Node>
            </Node>
            <Node Cat="ADV" Id="12" Rule="CL2ADV" Head="0">
              <Node Cat="CL" Id="13" Rule="V-O" Head="0">
                <Node Cat="V" Id="14" Rule="Vp2V" Head="0">
                  <Node Cat="vp" Id="15" Rule="V2VP" Head="0">
                    <Node Cat="verb" Id="16" morphId="540030140041" Unicode="ἐλπίζων" Lemma="ἐλπίζω" Lang="G" StrongNumber="G16790" Morph="V,PPA,NMS," Mood="Participle" Tense="Present" Voice="Active" Case="Nominative" Gender="Masculine" Number="Singular" English="hoping">ἐλπίζων</Node>
                  </Node>
                </Node>
                <Node Cat="O" Id="17" Rule="CL2Ox" Head="0">
                  <Node Cat="CL" Id="18" Rule="V-ADV-ADV" Head="0">
                    <Node Cat="V" Id="19" Rule="Vp2V" Head="0">
                      <Node Cat="vp" Id="20" Rule="V2VP" Head="0">
                        <Node Cat="verb" Id="21" morphId="540030140051" Unicode="ἐλθεῖν" Lemma="ἔρχομαι" Lang="G" StrongNumber="G20640" Morph="V,NAA,,,,," Mood="Infinitive" Tense="Aorist" Voice="Active" English="to come">ἐλθεῖν</Node>
                      </Node>
                    </Node>
                    <Node Cat="ADV" Id="22" Rule="pp2ADV" Head="0">
                      <Node Cat="pp" Id="23" Rule="PrepNp" Head="1">
                        <Node Cat="prep" Id="24" morphId="540030140061" Unicode="πρὸς" Lemma="πρός" Lang="G" StrongNumber="G43140" Morph="P,,,,,A,,," Case="Accusative" English="to">πρὸς</Node>
                        <Node Cat="np" Id="25" Rule="Pron2NP" Head="0">
                          <Node Cat="pron" Id="26" morphId="540030140071" Unicode="σὲ" Lemma="σύ" Lang="G" StrongNumber="G47710" Morph="RP,,,2A,S," Type="Personal" Person="Second" Case="Accusative" Number="Singular" English="you">σὲ</Node>
                        </Node>
                      </Node>
                    </Node>
                    <Node Cat="ADV" Id="27" Rule="pp2ADV" Head="0">
                      <Node Cat="pp" Id="28" Rule="PrepNp" Head="1">
                        <Node Cat="prep" Id="29" morphId="540030140081" Unicode="ἐν" Lemma="ἐν" Lang="G" StrongNumber="G17220" Morph="P,,,,,D,,," Case="Dative" English="quickly">ἐν</Node>
                        <Node Cat="np" Id="30" Rule="N2NP" Head="0">
                          <Node Cat="noun" Id="31" morphId="540030140091" Unicode="τάχει;" Lemma="τάχος" Lang="G" StrongNumber="G50340" Morph="N,,,,,DNS," Case="Dative" Gender="Neuter" Number="Singular">τάχει;</Node>
                        </Node>
                      </Node>
                    </Node>
                  </Node>
                </Node>
              </Node>
            </Node>
          </Node>
        </Node>
      </Tree>
    </Trees>
  </Sentence>
  <Sentence ID="54003015">
    <Trees>
      <Tree>
        <Node Cat="Verse" Id="1" Head="0">
          <Node Cat="CL" Id="2" Rule="Conj-CL" Head="1">
            <Node Cat="conj" Id="3" morphId="540030150021" Unicode="δὲ" Lemma="δέ" Lang="G" StrongNumber="G11610" Morph="CC,,,,,,,," Type="Coordinating" English="but">δὲ</Node>
            <Node Cat="CL" Id="4" Rule="ClCl2" Head="1">
              <Node Cat="CL" Id="5" Rule="sub-CL" Head="1">
                <Node Cat="conj" Id="6" morphId="540030150011" Unicode="ἐὰν" Lemma="ἐάν" Lang="G" StrongNumber="G14370" Morph="CS,,,,,,,," Type="Subordinating" English="if">ἐὰν</Node>
                <Node Cat="CL" Id="7" Rule="V2CL" Head="0">
                  <Node Cat="V" Id="8" Rule="Vp2V" Head="0">
                    <Node Cat="vp" Id="9" Rule="V2VP" Head="0">
                      <Node Cat="verb" Id="10" morphId="540030150031" Unicode="βραδύνω," Lemma="βραδύνω" Lang="G" StrongNumber="G10190" Morph="V,SPA1,,S," Mood="Subjunctive" Tense="Present" Voice="Active" Person="First" Number="Singular" English="I am delayed">βραδύνω,</Node>
                    </Node>
                  </Node>
                </Node>
              </Node>
              <Node Cat="CL" Id="11" Rule="sub-CL" Head="1">
                <Node Cat="conj" Id="12" morphId="540030150041" Unicode="ἵνα" Lemma="ἵνα" Lang="G" StrongNumber="G24430" Morph="CS,,,,,,,," Type="Subordinating" English="so that">ἵνα</Node>
                <Node Cat="CL" Id="13" Rule="V-O" Head="0">
                  <Node Cat="V" Id="14" Rule="Vp2V" Head="0">
                    <Node Cat="vp" Id="15" Rule="V2VP" Head="0">
                      <Node Cat="verb" Id="16" morphId="540030150051" Unicode="εἰδῇς" Lemma="εἴδω" Lang="G" StrongNumber="G14920" Morph="V,SEA2,,S," Mood="Subjunctive" Tense="Perfect" Voice="Active" Person="Second" Number="Singular" English="you may know">εἰδῇς</Node>
                    </Node>
                  </Node>
                  <Node Cat="O" Id="17" Rule="CL2Ox" Head="0">
                    <Node Cat="CL" Id="18" Rule="ADV-V-S" Head="1">
                      <Node Cat="ADV" Id="19" Rule="Advp2ADV" Head="0">
                        <Node Cat="advp" Id="20" Rule="Adv2Advp" Head="0">
                          <Node Cat="adv" Id="21" morphId="540030150061" Unicode="πῶς" Lemma="πῶς" Lang="G" StrongNumber="G44590" Morph="D,,,,,,,,," English="how">πῶς</Node>
                        </Node>
                      </Node>
                      <Node Cat="V" Id="22" Rule="Vp2V" Head="0">
                        <Node Cat="vp" Id="23" Rule="V2VP" Head="0">
                          <Node Cat="verb" Id="24" morphId="540030150071" Unicode="δεῖ" Lemma="δέω" Lang="G" StrongNumber="G12100" Morph="V,IPA3,,S," Mood="Indicative" Tense="Present" Voice="Active" Person="Third" Number="Singular" English="ought">δεῖ</Node>
                        </Node>
                      </Node>
                      <Node Cat="S" Id="25" Rule="Np2S" Head="0">
                        <Node Cat="np" Id="26" Rule="CL2NP" Head="0">
                          <Node Cat="CL" Id="27" Rule="V-ADV" Head="0">
                            <Node Cat="V" Id="28" Rule="Vp2V" Head="0">
                              <Node Cat="vp" Id="29" Rule="V2VP" Head="0">
                                <Node Cat="verb" Id="30" morphId="540030150111" Unicode="ἀναστρέφεσθαι," Lemma="ἀναστρέφω" Lang="G" StrongNumber="G03900" Morph="V,NPP,,,,," Mood="Infinitive" Tense="Present" Voice="Passive" English="to conduct themselves">ἀναστρέφεσθαι,</Node>
                              </Node>
                            </Node>
                            <Node Cat="ADV" Id="31" Rule="pp2ADV" Head="0">
                              <Node Cat="pp" Id="32" Rule="PrepNp" Head="1">
                                <Node Cat="prep" Id="33" morphId="540030150081" Unicode="ἐν" Lemma="ἐν" Lang="G" StrongNumber="G17220" Morph="P,,,,,D,,," Case="Dative" English="in">ἐν</Node>
                                <Node Cat="np" Id="34" Rule="NP-CL" Head="0">
                                  <Node Cat="np" Id="35" Rule="NPofNP" Head="0">
                                    <Node Cat="np" Id="36" Rule="N2NP" Head="0">
                                      <Node Cat="noun" Id="37" morphId="540030150091" Unicode="οἴκῳ" Lemma="οἶκος" Lang="G" StrongNumber="G36240" Morph="N,,,,,DMS," Case="Dative" Gender="Masculine" Number="Singular" English="household">οἴκῳ</Node>
                                    </Node>
                                    <Node Cat="np" Id="38" Rule="N2NP" Head="0">
                                      <Node Cat="noun" Id="39" morphId="540030150101" Unicode="Θεοῦ" Lemma="θεός" Lang="G" StrongNumber="G23160" Morph="N,,,,,GMS," Case="Genitive" Gender="Masculine" Number="Singular" English="of God">Θεοῦ</Node>
                                    </Node>
                                  </Node>
                                  <Node Cat="CL" Id="40" Rule="S-VC-P" Head="2">
                                    <Node Cat="S" Id="41" Rule="Np2S" Head="0">
                                      <Node Cat="np" Id="42" Rule="Pron2NP" Head="0">
                                        <Node Cat="pron" Id="43" morphId="540030150121" Unicode="ἥτις" Lemma="ὅστις" Lang="G" StrongNumber="G37480" Morph="RR,,,,NFS," Type="Relative" Case="Nominative" Gender="Feminine" Number="Singular" English="which">ἥτις</Node>
                                      </Node>
                                    </Node>
                                    <Node Cat="VC" Id="44" Rule="vp2VC" Head="0">
                                      <Node Cat="vp" Id="45" Rule="V2VP" Head="0">
                                        <Node Cat="verb" Id="46" morphId="540030150131" Unicode="ἐστὶν" Lemma="εἰμί" Lang="G" StrongNumber="G15100" Morph="V,IPA3,,S," Mood="Indicative" Tense="Present" Voice="Active" Person="Third" Number="Singular" English="is">ἐστὶν</Node>
                                      </Node>
                                    </Node>
                                    <Node Cat="P" Id="47" Rule="Np2P" Head="0">
                                      <Node Cat="np" Id="48" Rule="Np-Appos" Head="0">
                                        <Node Cat="np" Id="49" Rule="NPofNP" Head="0">
                                          <Node Cat="np" Id="50" Rule="N2NP" Head="0">
                                            <Node Cat="noun" Id="51" morphId="540030150141" Unicode="ἐκκλησία" Lemma="ἐκκλησία" Lang="G" StrongNumber="G15770" Morph="N,,,,,NFS," Case="Nominative" Gender="Feminine" Number="Singular" English="church">ἐκκλησία</Node>
                                          </Node>
                                          <Node Cat="np" Id="52" Rule="NpAdjp" Head="0">
                                            <Node Cat="np" Id="53" Rule="N2NP" Head="0">
                                              <Node Cat="noun" Id="54" morphId="540030150151" Unicode="Θεοῦ" Lemma="θεός" Lang="G" StrongNumber="G23160" Morph="N,,,,,GMS," Case="Genitive" Gender="Masculine" Number="Singular" English="of ~ God">Θεοῦ</Node>
                                            </Node>
                                            <Node Cat="adjp" Id="55" Rule="CL2Adjp" Head="0">
                                              <Node Cat="CL" Id="56" Rule="V2CL" Head="0">
                                                <Node Cat="V" Id="57" Rule="Vp2V" Head="0">
                                                  <Node Cat="vp" Id="58" Rule="V2VP" Head="0">
                                                    <Node Cat="verb" Id="59" morphId="540030150161" Unicode="ζῶντος," Lemma="ζάω" Lang="G" StrongNumber="G21980" Morph="V,PPA,GMS," Mood="Participle" Tense="Present" Voice="Active" Case="Genitive" Gender="Masculine" Number="Singular" English="living">ζῶντος,</Node>
                                                  </Node>
                                                </Node>
                                              </Node>
                                            </Node>
                                          </Node>
                                        </Node>
                                        <Node Cat="np" Id="60" Rule="NPofNP" Head="0">
                                          <Node Cat="np" Id="61" Rule="NpaNp" Head="0">
                                            <Node Cat="np" Id="62" Rule="N2NP" Head="0">
                                              <Node Cat="noun" Id="63" morphId="540030150171" Unicode="στῦλος" Lemma="στῦλος" Lang="G" StrongNumber="G47690" Morph="N,,,,,NMS," Case="Nominative" Gender="Masculine" Number="Singular" English="pillar">στῦλος</Node>
                                            </Node>
                                            <Node Cat="conj" Id="64" morphId="540030150181" Unicode="καὶ" Lemma="καί" Lang="G" StrongNumber="G25320" Morph="CC,,,,,,,," Type="Coordinating" English="and">καὶ</Node>
                                            <Node Cat="np" Id="65" Rule="N2NP" Head="0">
                                              <Node Cat="noun" Id="66" morphId="540030150191" Unicode="ἑδραίωμα" Lemma="ἑδραίωμα" Lang="G" StrongNumber="G14770" Morph="N,,,,,NNS," Case="Nominative" Gender="Neuter" Number="Singular" English="foundation">ἑδραίωμα</Node>
                                            </Node>
                                          </Node>
                                          <Node Cat="np" Id="67" Rule="DetNP" Head="1">
                                            <Node Cat="det" Id="68" morphId="540030150201" Unicode="τῆς" Lemma="ὁ" Lang="G" StrongNumber="G35880" Morph="EA,,,,GFS," Type="Article" Case="Genitive" Gender="Feminine" Number="Singular" English="the">τῆς</Node>
                                            <Node Cat="np" Id="69" Rule="N2NP" Head="0">
                                              <Node Cat="noun" Id="70" morphId="540030150211" Unicode="ἀληθείας." Lemma="ἀλήθεια" Lang="G" StrongNumber="G02250" Morph="N,,,,,GFS," Case="Genitive" Gender="Feminine" Number="Singular" English="of ~ truth">ἀληθείας.</Node>
                                            </Node>
                                          </Node>
                                        </Node>
                                      </Node>
                                    </Node>
                                  </Node>
                                </Node>
                              </Node>
                            </Node>
                          </Node>
                        </Node>
                      </Node>
                    </Node>
                  </Node>
                </Node>
              </Node>
            </Node>
          </Node>
        </Node>
      </Tree>
    </Trees>
  </Sentence>
  <Sentence ID="54003016">
    <Trees>
      <Tree>
        <Node Cat="Verse" Id="1" Head="0">
          <Node Cat="CL" Id="2" Rule="Conj-CL" Head="1">
            <Node Cat="conj" Id="3" morphId="540030160011" Unicode="καὶ" Lemma="καί" Lang="G" StrongNumber="G25320" Morph="CC,,,,,,,," Type="Coordinating" English="and">καὶ</Node>
            <Node Cat="CL" Id="4" Rule="ADV-P-VC-S" Head="1">
              <Node Cat="ADV" Id="5" Rule="Advp2ADV" Head="0">
                <Node Cat="advp" Id="6" Rule="Adv2Advp" Head="0">
                  <Node Cat="adv" Id="7" morphId="540030160021" Unicode="ὁμολογουμένως" Lemma="ὁμολογουμένως" Lang="G" StrongNumber="G36720" Morph="D,,,,,,,,," English="without any doubt">ὁμολογουμένως</Node>
                </Node>
              </Node>
              <Node Cat="P" Id="8" Rule="Np2P" Head="0">
                <Node Cat="np" Id="9" Rule="N2NP" Head="0">
                  <Node Cat="noun" Id="10" morphId="540030160031" Unicode="μέγα" Lemma="μέγας" Lang="G" StrongNumber="G31730" Morph="NP,,,,NNS," Type="Predicate_Adj" Case="Nominative" Gender="Neuter" Number="Singular" English="great">μέγα</Node>
                </Node>
              </Node>
              <Node Cat="VC" Id="11" Rule="vp2VC" Head="0">
                <Node Cat="vp" Id="12" Rule="V2VP" Head="0">
                  <Node Cat="verb" Id="13" morphId="540030160041" Unicode="ἐστὶν" Lemma="εἰμί" Lang="G" StrongNumber="G15100" Morph="V,IPA3,,S," Mood="Indicative" Tense="Present" Voice="Active" Person="Third" Number="Singular" English="is">ἐστὶν</Node>
                </Node>
              </Node>
              <Node Cat="S" Id="14" Rule="Np2S" Head="0">
                <Node Cat="np" Id="15" Rule="DetNP" Head="1">
                  <Node Cat="det" Id="16" morphId="540030160051" Unicode="τὸ" Lemma="ὁ" Lang="G" StrongNumber="G35880" Morph="EA,,,,NNS," Type="Article" Case="Nominative" Gender="Neuter" Number="Singular" English="the">τὸ</Node>
                  <Node Cat="np" Id="17" Rule="ofNPNP" Head="1">
                    <Node Cat="np" Id="18" Rule="DetNP" Head="1">
                      <Node Cat="det" Id="19" morphId="540030160061" Unicode="τῆς" Lemma="ὁ" Lang="G" StrongNumber="G35880" Morph="EA,,,,GFS," Type="Article" Case="Genitive" Gender="Feminine" Number="Singular">τῆς</Node>
                      <Node Cat="np" Id="20" Rule="N2NP" Head="0">
                        <Node Cat="noun" Id="21" morphId="540030160071" Unicode="εὐσεβείας" Lemma="εὐσέβεια" Lang="G" StrongNumber="G21500" Morph="N,,,,,GFS," Case="Genitive" Gender="Feminine" Number="Singular" English="of godliness">εὐσεβείας</Node>
                      </Node>
                    </Node>
                    <Node Cat="np" Id="22" Rule="N2NP" Head="0">
                      <Node Cat="noun" Id="23" morphId="540030160081" Unicode="μυστήριον:" Lemma="μυστήριον" Lang="G" StrongNumber="G34660" Morph="N,,,,,NNS," Case="Nominative" Gender="Neuter" Number="Singular" English="mystery">μυστήριον:</Node>
                    </Node>
                  </Node>
                </Node>
              </Node>
            </Node>
          </Node>
          <Node Cat="CL" Id="24" Rule="ClClClClClCl" Head="0">
            <Node Cat="CL" Id="25" Rule="S-V-ADV" Head="1">
              <Node Cat="S" Id="26" Rule="Np2S" Head="0">
                <Node Cat="np" Id="27" Rule="Pron2NP" Head="0">
                  <Node Cat="pron" Id="28" morphId="540030160091" Unicode="ὃς" Lemma="ὅς" Lang="G" StrongNumber="G37390" Morph="RR,,,,NMS," Type="Relative" Case="Nominative" Gender="Masculine" Number="Singular" English="Who">ὃς</Node>
                </Node>
              </Node>
              <Node Cat="V" Id="29" Rule="Vp2V" Head="0">
                <Node Cat="vp" Id="30" Rule="V2VP" Head="0">
                  <Node Cat="verb" Id="31" morphId="540030160101" Unicode="ἐφανερώθη" Lemma="φανερόω" Lang="G" StrongNumber="G53190" Morph="V,IAP3,,S," Mood="Indicative" Tense="Aorist" Voice="Passive" Person="Third" Number="Singular" English="was manifested">ἐφανερώθη</Node>
                </Node>
              </Node>
              <Node Cat="ADV" Id="32" Rule="pp2ADV" Head="0">
                <Node Cat="pp" Id="33" Rule="PrepNp" Head="1">
                  <Node Cat="prep" Id="34" morphId="540030160111" Unicode="ἐν" Lemma="ἐν" Lang="G" StrongNumber="G17220" Morph="P,,,,,D,,," Case="Dative" English="in">ἐν</Node>
                  <Node Cat="np" Id="35" Rule="N2NP" Head="0">
                    <Node Cat="noun" Id="36" morphId="540030160121" Unicode="σαρκί," Lemma="σάρξ" Lang="G" StrongNumber="G45610" Morph="N,,,,,DFS," Case="Dative" Gender="Feminine" Number="Singular" English="flesh">σαρκί,</Node>
                  </Node>
                </Node>
              </Node>
            </Node>
            <Node Cat="CL" Id="37" Rule="V-ADV" Head="0">
              <Node Cat="V" Id="38" Rule="Vp2V" Head="0">
                <Node Cat="vp" Id="39" Rule="V2VP" Head="0">
                  <Node Cat="verb" Id="40" morphId="540030160131" Unicode="ἐδικαιώθη" Lemma="δικαιόω" Lang="G" StrongNumber="G13440" Morph="V,IAP3,,S," Mood="Indicative" Tense="Aorist" Voice="Passive" Person="Third" Number="Singular" English="vindicated">ἐδικαιώθη</Node>
                </Node>
              </Node>
              <Node Cat="ADV" Id="41" Rule="pp2ADV" Head="0">
                <Node Cat="pp" Id="42" Rule="PrepNp" Head="1">
                  <Node Cat="prep" Id="43" morphId="540030160141" Unicode="ἐν" Lemma="ἐν" Lang="G" StrongNumber="G17220" Morph="P,,,,,D,,," Case="Dative" English="in">ἐν</Node>
                  <Node Cat="np" Id="44" Rule="N2NP" Head="0">
                    <Node Cat="noun" Id="45" morphId="540030160151" Unicode="Πνεύματι," Lemma="πνεῦμα" Lang="G" StrongNumber="G41510" Morph="N,,,,,DNS," Case="Dative" Gender="Neuter" Number="Singular" English="Spirit">Πνεύματι,</Node>
                  </Node>
                </Node>
              </Node>
            </Node>
            <Node Cat="CL" Id="46" Rule="V-IO" Head="0">
              <Node Cat="V" Id="47" Rule="Vp2V" Head="0">
                <Node Cat="vp" Id="48" Rule="V2VP" Head="0">
                  <Node Cat="verb" Id="49" morphId="540030160161" Unicode="ὤφθη" Lemma="ὁράω" Lang="G" StrongNumber="G37080" Morph="V,IAP3,,S," Mood="Indicative" Tense="Aorist" Voice="Passive" Person="Third" Number="Singular" English="seen">ὤφθη</Node>
                </Node>
              </Node>
              <Node Cat="IO" Id="50" Rule="Np2IO" Head="0">
                <Node Cat="np" Id="51" Rule="N2NP" Head="0">
                  <Node Cat="noun" Id="52" morphId="540030160171" Unicode="ἀγγέλοις," Lemma="ἄγγελος" Lang="G" StrongNumber="G00320" Morph="N,,,,,DMP," Case="Dative" Gender="Masculine" Number="Plural" English="by angels">ἀγγέλοις,</Node>
                </Node>
              </Node>
            </Node>
            <Node Cat="CL" Id="53" Rule="V-ADV" Head="0">
              <Node Cat="V" Id="54" Rule="Vp2V" Head="0">
                <Node Cat="vp" Id="55" Rule="V2VP" Head="0">
                  <Node Cat="verb" Id="56" morphId="540030160181" Unicode="ἐκηρύχθη" Lemma="κηρύσσω" Lang="G" StrongNumber="G27840" Morph="V,IAP3,,S," Mood="Indicative" Tense="Aorist" Voice="Passive" Person="Third" Number="Singular" English="proclaimed">ἐκηρύχθη</Node>
                </Node>
              </Node>
              <Node Cat="ADV" Id="57" Rule="pp2ADV" Head="0">
                <Node Cat="pp" Id="58" Rule="PrepNp" Head="1">
                  <Node Cat="prep" Id="59" morphId="540030160191" Unicode="ἐν" Lemma="ἐν" Lang="G" StrongNumber="G17220" Morph="P,,,,,D,,," Case="Dative" English="among">ἐν</Node>
                  <Node Cat="np" Id="60" Rule="N2NP" Head="0">
                    <Node Cat="noun" Id="61" morphId="540030160201" Unicode="ἔθνεσιν," Lemma="ἔθνος" Lang="G" StrongNumber="G14840" Morph="N,,,,,DNP," Case="Dative" Gender="Neuter" Number="Plural" English="nations">ἔθνεσιν,</Node>
                  </Node>
                </Node>
              </Node>
            </Node>
            <Node Cat="CL" Id="62" Rule="V-ADV" Head="0">
              <Node Cat="V" Id="63" Rule="Vp2V" Head="0">
                <Node Cat="vp" Id="64" Rule="V2VP" Head="0">
                  <Node Cat="verb" Id="65" morphId="540030160211" Unicode="ἐπιστεύθη" Lemma="πιστεύω" Lang="G" StrongNumber="G41000" Morph="V,IAP3,,S," Mood="Indicative" Tense="Aorist" Voice="Passive" Person="Third" Number="Singular" English="believed">ἐπιστεύθη</Node>
                </Node>
              </Node>
              <Node Cat="ADV" Id="66" Rule="pp2ADV" Head="0">
                <Node Cat="pp" Id="67" Rule="PrepNp" Head="1">
                  <Node Cat="prep" Id="68" morphId="540030160221" Unicode="ἐν" Lemma="ἐν" Lang="G" StrongNumber="G17220" Morph="P,,,,,D,,," Case="Dative" English="in">ἐν</Node>
                  <Node Cat="np" Id="69" Rule="N2NP" Head="0">
                    <Node Cat="noun" Id="70" morphId="540030160231" Unicode="κόσμῳ," Lemma="κόσμος" Lang="G" StrongNumber="G28890" Morph="N,,,,,DMS," Case="Dative" Gender="Masculine" Number="Singular" English="world">κόσμῳ,</Node>
                  </Node>
                </Node>
              </Node>
            </Node>
            <Node Cat="CL" Id="71" Rule="V-ADV" Head="0">
              <Node Cat="V" Id="72" Rule="Vp2V" Head="0">
                <Node Cat="vp" Id="73" Rule="V2VP" Head="0">
                  <Node Cat="verb" Id="74" morphId="540030160241" Unicode="ἀνελήμφθη" Lemma="ἀναλαμβάνω" Lang="G" StrongNumber="G03530" Morph="V,IAP3,,S," Mood="Indicative" Tense="Aorist" Voice="Passive" Person="Third" Number="Singular" English="taken up">ἀνελήμφθη</Node>
                </Node>
              </Node>
              <Node Cat="ADV" Id="75" Rule="pp2ADV" Head="0">
                <Node Cat="pp" Id="76" Rule="PrepNp" Head="1">
                  <Node Cat="prep" Id="77" morphId="540030160251" Unicode="ἐν" Lemma="ἐν" Lang="G" StrongNumber="G17220" Morph="P,,,,,D,,," Case="Dative" English="in">ἐν</Node>
                  <Node Cat="np" Id="78" Rule="N2NP" Head="0">
                    <Node Cat="noun" Id="79" morphId="540030160261" Unicode="δόξῃ." Lemma="δόξα" Lang="G" StrongNumber="G13910" Morph="N,,,,,DFS," Case="Dative" Gender="Feminine" Number="Singular" English="glory">δόξῃ.</Node>
                  </Node>
                </Node>
              </Node>
            </Node>
          </Node>
        </Node>
      </Tree>
    </Trees>
  </Sentence>
</Sentences>
